robot_timestamp_iso,robot_X,robot_Y,robot_Z,robot_A,robot_B,robot_C
2025-07-22T15:52:41.981171+00:00,712.352722,110.001167,2.49324656,0.000641365186,-0.000118399497,9.09191367e-05
2025-07-22T15:52:41.992921+00:00,712.704102,110.006714,2.49827194,-0.000668250141,0.000623954285,0.000391243579
2025-07-22T15:52:42.005935+00:00,713.062195,110.003593,2.49441743,-0.0017147474,0.000484467309,0.000317951199
2025-07-22T15:52:42.017441+00:00,713.426758,109.997536,2.49098492,-0.00166342221,-0.000290250406,4.69664155e-06
2025-07-22T15:52:42.030440+00:00,713.789,109.995407,2.49183583,-0.000596502621,-0.000547592412,-9.23622792e-05
2025-07-22T15:52:42.043440+00:00,714.145508,110.001801,2.49040651,0.000616782403,0.000115669463,0.000160243217
2025-07-22T15:52:42.055441+00:00,714.509949,110.00563,2.50024176,0.00126248086,0.000230024889,0.000215339925
2025-07-22T15:52:42.068452+00:00,714.876465,110.002853,2.49524927,0.00186911703,-0.00024142758,3.15880789e-05
2025-07-22T15:52:42.080441+00:00,715.237549,110.000557,2.49716735,0.00231528538,-0.000473546272,-3.88309818e-05
2025-07-22T15:52:42.093442+00:00,715.581421,110.003624,2.49186039,0.002274703,0.000562936708,0.000360403617
2025-07-22T15:52:42.105646+00:00,715.933716,110.007324,2.48999858,0.00161645492,0.00110162341,0.000572982361
2025-07-22T15:52:42.130154+00:00,716.679749,110.00676,2.49057484,-0.00121002551,-0.000761831878,-0.000104325438
2025-07-22T15:52:42.143155+00:00,717.039368,110.005646,2.49837947,-0.0022869627,-0.000715551549,-7.57214075e-05
2025-07-22T15:52:42.155154+00:00,717.386658,110.006142,2.49524546,-0.00214158627,0.000303585286,0.0003124176
2025-07-22T15:52:42.168180+00:00,717.747742,110.002678,2.4965508,-0.0012566892,7.89112746e-05,0.000223828087
2025-07-22T15:52:42.180158+00:00,718.115662,110.001366,2.49402022,-0.000141259938,-0.000660942,-4.12899171e-05
2025-07-22T15:52:42.193163+00:00,718.474915,110.006279,2.49091816,0.000934108626,-0.000459403498,2.07983157e-05
2025-07-22T15:52:42.205160+00:00,718.830139,110.009987,2.49633527,0.00162895978,9.4253046e-05,0.000239393688
2025-07-22T15:52:42.217666+00:00,719.1922,110.005478,2.49150538,0.00192833645,-3.82212347e-05,0.000173261869
2025-07-22T15:52:42.230669+00:00,719.560913,109.997269,2.49673915,0.002007765,-0.000792537583,-0.0001261984
2025-07-22T15:52:42.242668+00:00,719.913757,109.999504,2.49222374,0.00200535706,-0.000219400274,8.21523e-05
2025-07-22T15:52:42.255667+00:00,720.621765,110.012123,2.49314785,-5.63153553e-05,0.000711018569,0.000403958169
2025-07-22T15:52:42.280667+00:00,720.989624,110.007187,2.48933315,-0.00161509658,-0.00016092966,6.33103191e-05
2025-07-22T15:52:42.292669+00:00,721.706909,110.000778,2.48933649,-0.0010751076,2.50243211e-05,0.000129461827
2025-07-22T15:52:42.318178+00:00,722.177734,110.007347,2.49021935,0.000157295581,0.000784759701,0.000419488526
2025-07-22T15:52:42.330178+00:00,722.551758,110.008049,2.49461246,0.000917625381,-6.64214385e-05,9.62962e-05
2025-07-22T15:52:42.343182+00:00,722.917053,110.008507,2.49269748,0.00171160384,-0.000151155662,9.10959134e-05
2025-07-22T15:52:42.355583+00:00,723.383606,110.008926,2.49484563,0.00194986712,0.000682139944,0.000421622972
2025-07-22T15:52:42.367577+00:00,723.752625,110.002945,2.49639964,0.00151608116,-9.67151136e-05,0.000151223663
2025-07-22T15:52:42.380578+00:00,724.121277,110.000946,2.49257016,0.000610187592,-0.000879000407,-0.000137549127
2025-07-22T15:52:42.392981+00:00,724.601074,110.006538,2.49728203,-0.000896900485,-0.000755385438,-6.49327412e-05
2025-07-22T15:52:42.405959+00:00,724.950378,110.011391,2.4966054,-0.00170015369,0.000255857914,0.000327115646
2025-07-22T15:52:42.417636+00:00,725.308777,110.008286,2.49390483,-0.00189617951,0.000129872235,0.00028888791
2025-07-22T15:52:42.430623+00:00,725.673462,110.00135,2.493999,-0.00129266083,-0.000631277158,-4.24093514e-06
2025-07-22T15:52:42.442669+00:00,726.028564,110.002197,2.48792815,-0.000335408753,-0.000313006632,0.000122700352
2025-07-22T15:52:42.455798+00:00,726.382935,110.008369,2.4950645,0.000475840323,0.000330681418,0.000357795972
2025-07-22T15:52:42.467815+00:00,726.75177,110.009094,2.49303198,0.00113562064,-3.45409062e-05,0.00020342991
2025-07-22T15:52:42.479771+00:00,727.125793,110.003471,2.49774718,0.00174125994,-0.000962653139,-0.000156697439
2025-07-22T15:52:42.492794+00:00,727.475708,110.002693,2.49606037,0.00220974116,-0.000244550029,0.000114353643
2025-07-22T15:52:42.505888+00:00,727.940125,110.003204,2.49129367,0.0019367981,0.000822367263,0.000494559295
2025-07-22T15:52:42.517577+00:00,728.181274,110.00322,2.49287057,0.00132498518,0.000424715283,0.000342680956
2025-07-22T15:52:42.530591+00:00,728.547668,110.003647,2.48701501,5.03693336e-05,-0.000151695771,0.000111785455
2025-07-22T15:52:42.542585+00:00,728.911926,110.004951,2.49252033,-0.00137704948,-0.000432878645,-5.8000137e-06
2025-07-22T15:52:42.555500+00:00,729.265686,110.005203,2.49272633,-0.00231818878,0.000255583262,0.000258134329
2025-07-22T15:52:42.567504+00:00,729.620178,110.003021,2.49675608,-0.00238443655,0.000677437463,0.000416329422
2025-07-22T15:52:42.592500+00:00,729.987854,109.997337,2.49698496,-0.00170957879,-7.62226482e-05,0.000131124543
2025-07-22T15:52:42.605438+00:00,730.929077,110.016243,2.49054527,0.000985684455,0.00163519441,0.000810198602
2025-07-22T15:52:42.618199+00:00,731.31488,110.00486,2.49839759,0.00144663744,-0.000253548,0.000106878084
2025-07-22T15:52:42.630169+00:00,731.69043,109.993774,2.49444389,0.00166495587,-0.00150445162,-0.000367235974
2025-07-22T15:52:42.643119+00:00,732.262695,110.002365,2.48867941,0.0010201137,0.000275043974,0.000335395802
2025-07-22T15:52:42.655199+00:00,732.502441,110.005737,2.49621272,0.000100088706,0.000485813594,0.000415785355
2025-07-22T15:52:42.668192+00:00,732.868958,110.007095,2.4918611,-0.00138477632,-7.96280437e-05,0.000210886195
2025-07-22T15:52:42.680205+00:00,733.240051,110.002853,2.49699497,-0.00208020699,-0.00106525503,-0.000165658275
2025-07-22T15:52:42.693218+00:00,733.591858,110.002312,2.49283838,-0.00174030522,-0.000444313628,7.57600646e-05
2025-07-22T15:52:42.705318+00:00,733.941467,110.002846,2.49529505,-0.000939176127,0.000358915888,0.000361244689
2025-07-22T15:52:42.717991+00:00,734.309387,110.001053,2.49344492,-7.12019319e-05,-0.00020833216,0.000147507817
2025-07-22T15:52:42.729966+00:00,734.680725,110.003189,2.49331474,0.000979529344,-0.000784498698,-9.0447269e-05
2025-07-22T15:52:42.742900+00:00,735.036621,110.009926,2.49786067,0.00195454946,-0.000196454566,0.000126306462
2025-07-22T15:52:42.754897+00:00,735.386536,110.012207,2.49281263,0.00236504129,0.000663358252,0.000428372558
2025-07-22T15:52:42.768184+00:00,735.750488,110.006714,2.49556041,0.00219227513,-3.12548109e-05,0.000153730958
2025-07-22T15:52:42.780113+00:00,736.116089,110.000839,2.49001074,0.00167371822,-0.000646767381,-8.6924083e-05
2025-07-22T15:52:42.793175+00:00,736.47345,110.003296,2.49157643,0.000948131084,-0.000490189705,-2.57884785e-05
2025-07-22T15:52:42.805289+00:00,736.8255,110.01078,2.49307609,-0.000384399726,0.000323084038,0.000275851111
2025-07-22T15:52:42.817946+00:00,737.185547,110.011703,2.49225163,-0.00177033572,0.000398046308,0.000305885449
2025-07-22T15:52:42.829871+00:00,737.55426,110.004448,2.49828887,-0.0018027242,-0.000333764561,3.48754038e-05
2025-07-22T15:52:42.843139+00:00,737.907776,110.002563,2.49344039,-0.00071800052,0.000139884156,0.000232474311
2025-07-22T15:52:42.855188+00:00,738.618896,110.004494,2.49121284,0.000748014427,0.000594373036,0.000428607338
2025-07-22T15:52:42.868223+00:00,738.874512,110.001503,2.49754977,0.00118181296,-0.000458785973,4.28542153e-05
2025-07-22T15:52:42.880217+00:00,739.243286,110.002266,2.49561715,0.00199492811,-0.00091648032,-0.000120193894
2025-07-22T15:52:42.905196+00:00,739.822144,110.005058,2.49328637,0.00227625901,0.000522896938,0.000446621591
2025-07-22T15:52:42.917913+00:00,740.434265,109.998611,2.49329615,0.000870185206,-0.000480894436,6.39737118e-05
2025-07-22T15:52:42.929905+00:00,740.795593,110.002625,2.49491215,-0.000314244651,-0.000729178078,-2.39181e-05
2025-07-22T15:52:42.942941+00:00,741.147156,110.011681,2.49409485,-0.00147396838,5.601476e-05,0.000270346092
2025-07-22T15:52:42.954856+00:00,741.506226,110.012398,2.49239,-0.0022989735,5.99967534e-05,0.00026907344
2025-07-22T15:52:42.968513+00:00,741.87677,110.004601,2.49649596,-0.00197392306,-0.000824297545,-8.02006252e-05
2025-07-22T15:52:42.980441+00:00,742.234558,110.002411,2.49306417,-0.000908305869,-0.000560346933,8.17391083e-06
2025-07-22T15:52:43.005545+00:00,742.946472,110.011551,2.49429131,0.000789364683,0.000447369181,0.000358162593
2025-07-22T15:52:43.018051+00:00,743.318054,110.010956,2.49542236,0.00139269559,-0.000490242615,-6.94157461e-06
2025-07-22T15:52:43.030053+00:00,743.682251,110.007599,2.49458599,0.00176982617,-0.000857899198,-0.000148450417
2025-07-22T15:52:43.043051+00:00,744.032349,110.00721,2.491575,0.00165514846,-0.000169156774,9.58025776e-05
2025-07-22T15:52:43.055051+00:00,744.627686,110.005653,2.494385,1.99778588e-05,0.000205451826,0.00024275422
2025-07-22T15:52:43.068054+00:00,744.992065,110.008606,2.49639225,-0.00131342676,-0.000305049529,5.61268862e-05
2025-07-22T15:52:43.080053+00:00,745.342834,110.015648,2.49085498,-0.00213887892,0.000450779335,0.000355115772
2025-07-22T15:52:43.093052+00:00,745.69751,110.016609,2.4952414,-0.00200444297,0.000815708132,0.000502889
2025-07-22T15:52:43.105055+00:00,746.065674,110.008514,2.49311423,-0.0015302659,0.000103264756,0.000235701737
2025-07-22T15:52:43.117630+00:00,746.436218,110.001434,2.49517369,-0.000979178702,-0.0007942011,-8.38170236e-05
2025-07-22T15:52:43.130630+00:00,746.795593,110.003387,2.49723029,8.35929168e-05,-0.000616196892,6.28053067e-06
2025-07-22T15:52:43.142632+00:00,747.14447,110.012871,2.49492359,0.00111149345,0.000578714535,0.000457954244
2025-07-22T15:52:43.167630+00:00,747.750854,110.013496,2.49132705,0.00186002976,-7.57291418e-05,0.000220811053
2025-07-22T15:52:43.180630+00:00,748.003967,110.006096,2.49845743,0.00203120778,-0.000858776621,-6.9546928e-05
2025-07-22T15:52:43.192630+00:00,748.706848,110.00547,2.50033855,0.00152507168,0.000254598126,0.000348282076
2025-07-22T15:52:43.205639+00:00,749.067688,110.00499,2.49105334,0.000202931973,-0.000127144041,0.000188421
2025-07-22T15:52:43.218232+00:00,749.431702,110.00589,2.49364853,-0.00123350066,-0.00059188006,-6.00032399e-06
2025-07-22T15:52:43.230232+00:00,749.78125,110.009178,2.49018764,-0.00185121316,0.000360611972,0.000332270953
2025-07-22T15:52:43.243229+00:00,750.138428,110.005959,2.49526453,-0.00154805824,0.000679848075,0.000445557438
2025-07-22T15:52:43.255229+00:00,750.510315,109.996132,2.49824715,-0.00110234506,-0.000344430766,4.08223059e-05
2025-07-22T15:52:43.268229+00:00,750.878052,109.992882,2.49465632,-0.000333077303,-0.000961500395,-0.000202570809
2025-07-22T15:52:43.280228+00:00,751.352051,110.001991,2.49705982,0.00110565231,-0.000328710099,2.18272853e-05
2025-07-22T15:52:43.293229+00:00,751.582336,110.009026,2.49138212,0.0016627541,0.000549207,0.000355193682
2025-07-22T15:52:43.305232+00:00,751.944,110.008202,2.49559975,0.00195688661,0.00036687695,0.000288361829
2025-07-22T15:52:43.317760+00:00,752.310547,110.001984,2.4930141,0.00183621212,-0.000254540966,5.62351597e-05
2025-07-22T15:52:43.330761+00:00,752.664734,110.000694,2.49296927,0.00126627821,0.000110467641,0.000211750943
2025-07-22T15:52:43.342761+00:00,753.017517,110.003494,2.4959805,0.000339895952,0.000715038273,0.000444601552
2025-07-22T15:52:43.355761+00:00,753.387512,110.00412,2.49384236,-0.0010434211,5.08947342e-05,0.000205356308
2025-07-22T15:52:43.367761+00:00,753.761841,110.003479,2.49982095,-0.00220257486,-0.00108674902,-0.000202426905
2025-07-22T15:52:43.380760+00:00,754.118225,110.004486,2.49484181,-0.0019822123,-0.000773079,-7.07414e-05
2025-07-22T15:52:43.392760+00:00,754.464478,110.007011,2.4980154,-0.00101439445,0.000204379015,0.000314410456
2025-07-22T15:52:43.405775+00:00,754.823,110.005623,2.49561715,-0.000282515975,0.000221965121,0.000322216
2025-07-22T15:52:43.430290+00:00,755.556091,110.009514,2.49727702,0.00139128813,-0.00055213616,3.95138377e-05
2025-07-22T15:52:43.443290+00:00,755.907837,110.016,2.49382472,0.00219240109,0.000456749491,0.000410500419
2025-07-22T15:52:43.455290+00:00,756.275452,110.011078,2.50028205,0.00227000681,-0.000131887791,0.000174695451
2025-07-22T15:52:43.468291+00:00,756.640442,110.004005,2.49553728,0.00173827505,-0.000727308099,-6.00785716e-05
2025-07-22T15:52:43.480290+00:00,756.990417,110.003792,2.49533415,0.000885512563,-0.000144875507,0.000146560851
2025-07-22T15:52:43.493290+00:00,757.698303,110.012032,2.4885819,-0.00178480649,0.000539980305,0.000375373638
2025-07-22T15:52:43.505293+00:00,758.075073,110.008598,2.49479508,-0.0024218969,-0.000707823376,-0.000102456572
2025-07-22T15:52:43.517800+00:00,758.440369,110.005783,2.49422836,-0.0016437656,-0.000833417056,-0.000160671363
2025-07-22T15:52:43.530801+00:00,758.790527,110.005241,2.49958539,-0.000580948195,-2.30864698e-05,0.000131309251
2025-07-22T15:52:43.542800+00:00,759.146118,110.003296,2.49634528,0.000172961925,0.000192449268,0.000208726196
2025-07-22T15:52:43.555801+00:00,759.512085,110.002426,2.49386072,0.00081080338,-0.000320978288,2.22467825e-05
2025-07-22T15:52:43.567800+00:00,759.869141,110.008217,2.49528074,0.0017347557,3.57099657e-06,0.000153667381
2025-07-22T15:52:43.605805+00:00,761.076843,109.999443,2.49563169,0.00137702341,-0.000874623714,-0.000134275426
2025-07-22T15:52:43.618312+00:00,761.548462,110.003052,2.49431705,5.85756288e-06,-0.000137878276,0.000157071583
2025-07-22T15:52:43.630311+00:00,761.778809,110.009628,2.4964757,-0.000701888406,0.000504604483,0.000409365777
2025-07-22T15:52:43.643311+00:00,762.14679,110.010704,2.4932313,-0.00144474546,9.06463902e-05,0.000260461471
2025-07-22T15:52:43.655311+00:00,762.634888,110.005348,2.49231339,-0.00132688647,-0.000669759407,-1.58873845e-05
2025-07-22T15:52:43.680312+00:00,763.225891,110.001595,2.49597597,-0.000196234352,0.000185390309,0.000304284156
2025-07-22T15:52:43.693311+00:00,763.589966,109.999466,2.49737144,0.000381079619,-0.00037713084,8.71890297e-05
2025-07-22T15:52:43.705315+00:00,763.832336,110.001785,2.49313354,0.000766459678,-0.000562927919,-4.23693791e-06
2025-07-22T15:52:43.717842+00:00,764.190125,110.007095,2.49610019,0.00143634249,-7.43602795e-05,0.000171146894
2025-07-22T15:52:43.730842+00:00,764.544434,110.011223,2.49546194,0.00177487894,0.000808856043,0.000493425061
2025-07-22T15:52:43.742842+00:00,764.910034,110.006027,2.50028563,0.00138341216,0.000178612128,0.000238573877
2025-07-22T15:52:43.755842+00:00,765.275,109.999603,2.49340487,0.000220627233,-0.000497673173,-3.40512124e-05
2025-07-22T15:52:43.767842+00:00,765.630737,110.00116,2.49393511,-0.00114434655,-0.0004708255,-3.13401106e-05
2025-07-22T15:52:43.779841+00:00,765.977417,110.010361,2.49090934,-0.00214743265,0.000596301456,0.000363032363
2025-07-22T15:52:43.792845+00:00,766.711853,110.011055,2.4961462,-0.00218686764,-0.000204287106,5.10166319e-05
2025-07-22T15:52:43.805937+00:00,767.071045,110.008064,2.49298429,-0.00137984252,-4.32355373e-05,0.000116409152
2025-07-22T15:52:43.817121+00:00,767.422729,110.008255,2.49772954,-0.000437166396,0.000642804604,0.000381828286
2025-07-22T15:52:43.830426+00:00,767.789185,110.005264,2.49465156,0.000353026029,0.000124729573,0.000194434
2025-07-22T15:52:43.843426+00:00,768.159119,110.004913,2.493469,0.000985686784,-0.000749061059,-0.000116558935
2025-07-22T15:52:43.855425+00:00,768.52179,110.008614,2.49519277,0.00179420679,-0.000788095698,-0.000120933124
2025-07-22T15:52:43.867427+00:00,768.868103,110.014503,2.49035573,0.00233987393,0.000370979309,0.000319756102
2025-07-22T15:52:43.880425+00:00,769.226746,110.011177,2.49568748,0.00231334381,0.000352023257,0.000331344781
2025-07-22T15:52:43.892427+00:00,769.714783,110.000961,2.49295044,0.0011076841,-0.000680060417,-4.95038439e-05
2025-07-22T15:52:43.905440+00:00,769.957,109.99987,2.49581933,0.000323626213,-0.000799157,-8.54717509e-05
2025-07-22T15:52:43.917947+00:00,770.309387,110.005241,2.49639487,-0.000872483128,-2.66340812e-05,0.00020307464
2025-07-22T15:52:43.942950+00:00,771.269714,110.004295,2.4903276,-0.00186042732,-0.000371471135,5.51101402e-05
2025-07-22T15:52:43.954949+00:00,771.618652,110.004097,2.49361229,-0.000875559228,0.000577511964,0.000395972718
2025-07-22T15:52:43.967947+00:00,771.980835,110.001312,2.4901917,0.000121810321,0.00054477196,0.000367752538
2025-07-22T15:52:43.979950+00:00,772.354553,109.999992,2.49576426,0.000832415069,-0.000440436852,-2.19549511e-05
2025-07-22T15:52:43.992947+00:00,772.721497,110.003624,2.49323845,0.00154781085,-0.000695132883,-0.000123687685
2025-07-22T15:52:44.004953+00:00,773.071167,110.009827,2.49465203,0.00210842304,0.000107513879,0.000162534052
2025-07-22T15:52:44.017487+00:00,773.419922,110.010635,2.49243689,0.00227760477,0.000852641417,0.000422702491
2025-07-22T15:52:44.030486+00:00,773.780518,110.004395,2.48674607,0.00138586119,0.000444008823,0.000267522148
2025-07-22T15:52:44.042487+00:00,774.143127,110.001198,2.49185014,5.33689454e-05,6.59545185e-05,0.000133105379
2025-07-22T15:52:44.055486+00:00,774.613,110.008446,2.49068642,-0.001116556,0.00108072697,0.000503714313
2025-07-22T15:52:44.080487+00:00,774.980408,110.008652,2.48946548,-0.0012541851,0.000523934,0.000307166018
2025-07-22T15:52:44.093490+00:00,775.713928,109.999786,2.48857737,-5.5393225e-06,-0.000574469101,-6.7238856e-05
2025-07-22T15:52:44.105496+00:00,776.064087,109.999931,2.49692154,0.000774057407,0.000230638965,0.000241161746
2025-07-22T15:52:44.118001+00:00,776.426575,109.999962,2.49466944,0.00143388601,0.000141104945,0.000226347256
2025-07-22T15:52:44.130000+00:00,776.802368,110.000427,2.49749708,0.00192090473,-0.000940748374,-0.000163966659
2025-07-22T15:52:44.143000+00:00,777.159607,110.006393,2.49561429,0.00245060376,-0.000676545082,-5.2079864e-05
2025-07-22T15:52:44.155000+00:00,777.50592,110.011955,2.49030089,0.00262310798,0.000416615047,0.00036193282
2025-07-22T15:52:44.168001+00:00,777.866882,110.008316,2.49299598,0.00187187968,5.51673911e-05,0.000220803704
2025-07-22T15:52:44.193000+00:00,778.474548,110.000717,2.4982779,-0.000655723386,-0.000568321615,-1.73740045e-05
2025-07-22T15:52:44.205004+00:00,778.821411,110.007736,2.49356079,-0.00193080062,0.000594097597,0.000400480902
2025-07-22T15:52:44.218154+00:00,779.186218,110.012146,2.49720645,-0.00216655433,0.000259116176,0.000269525655
2025-07-22T15:52:44.230153+00:00,779.554871,110.010948,2.49198508,-0.0014822908,-0.000480252085,-3.29021968e-05
2025-07-22T15:52:44.243154+00:00,780.262878,110.008553,2.49294949,0.000322968175,0.000313233206,0.000232337974
2025-07-22T15:52:44.280153+00:00,781.353088,110.007919,2.49410105,0.00208859891,9.23138723e-05,0.000115910239
2025-07-22T15:52:44.293153+00:00,781.703674,110.01371,2.49679852,0.00240830309,0.000921168074,0.000436087605
2025-07-22T15:52:44.305157+00:00,782.06311,110.009796,2.49496317,0.00212104851,0.000636010722,0.000327334332
2025-07-22T15:52:44.317668+00:00,782.431946,110.000587,2.49094629,0.00093686406,-0.000458680646,-5.86219e-05
2025-07-22T15:52:44.330666+00:00,782.79071,109.998207,2.49494147,-0.000612962293,-0.00055126386,-7.41876866e-05
2025-07-22T15:52:44.342663+00:00,783.142761,110.004562,2.49374199,-0.00180741888,0.000365490792,0.000273792393
2025-07-22T15:52:44.355670+00:00,783.506409,110.008392,2.49913669,-0.00215147575,0.000200625713,0.000231798083
2025-07-22T15:52:44.367663+00:00,783.878845,110.004623,2.49613595,-0.0017518336,-0.000774397864,-0.00011362409
2025-07-22T15:52:44.380663+00:00,784.237549,110.002502,2.49662185,-0.000896847225,-0.000686903484,-6.72888855e-05
2025-07-22T15:52:44.392822+00:00,784.586914,110.002007,2.49792075,-6.6481487e-05,0.000101698766,0.000228717341
2025-07-22T15:52:44.404921+00:00,784.953247,109.997658,2.49387622,0.000560929126,-0.000360756676,7.22157565e-05
2025-07-22T15:52:44.417616+00:00,785.4422,109.999557,2.49927592,0.00114014337,-0.000989712,-0.000164656609
2025-07-22T15:52:44.430546+00:00,785.791321,110.008583,2.49962354,0.0016519014,7.55292785e-05,0.000220283066
2025-07-22T15:52:44.455615+00:00,786.389648,110.006149,2.495332,0.00112223323,-4.47157254e-05,0.000141571363
2025-07-22T15:52:44.467617+00:00,786.75885,109.998108,2.4939723,-0.000166230529,-0.000865297159,-0.000172272688
2025-07-22T15:52:44.480523+00:00,787.118164,109.99556,2.50055552,-0.0015098399,-0.000814930652,-0.000169399485
2025-07-22T15:52:44.492530+00:00,787.466125,110.002922,2.49514222,-0.00214081397,0.000295273581,0.000226940014
2025-07-22T15:52:44.505133+00:00,787.829102,110.007057,2.49802279,-0.00194429175,8.06208118e-05,0.000136362913
2025-07-22T15:52:44.517827+00:00,788.428833,110.007484,2.49520898,-0.000644386,-4.99842754e-05,6.68772045e-05
2025-07-22T15:52:44.530814+00:00,788.663757,110.007492,2.49293637,-0.000148517094,0.000591433432,0.000306212169
2025-07-22T15:52:44.542742+00:00,789.026306,110.001945,2.50009966,0.000450514868,0.000327186601,0.000214796397
2025-07-22T15:52:44.555814+00:00,789.395386,109.998253,2.49360085,0.000982632628,-0.000545274408,-0.00010946703
2025-07-22T15:52:44.567826+00:00,789.994385,110.007751,2.4923141,0.00213539042,-0.000154893292,5.17379e-05
2025-07-22T15:52:44.605999+00:00,790.837036,110.005981,2.49772978,0.00196468947,-0.000432317291,-2.85944243e-05
2025-07-22T15:52:44.617667+00:00,791.202332,109.999031,2.49577737,0.000646623492,-0.000865099602,-0.000169139108
2025-07-22T15:52:44.630685+00:00,791.551208,110.000977,2.50098348,-0.000886811,-0.000147848346,0.00011268157
2025-07-22T15:52:44.642693+00:00,791.907349,110.004204,2.49702692,-0.00206719153,4.89382292e-05,0.000190022882
2025-07-22T15:52:44.655607+00:00,792.275085,110.005035,2.49324417,-0.00254799845,-0.000634548254,-5.54544495e-05
2025-07-22T15:52:44.667603+00:00,792.978,110.01,2.48957705,-0.00103681872,0.000797396526,0.00047578715
2025-07-22T15:52:44.679916+00:00,793.34613,110.003036,2.49493313,-0.000207379868,7.84296208e-05,0.00019186367
2025-07-22T15:52:44.692915+00:00,793.717285,109.997856,2.49120808,0.000444051606,-0.000820341229,-0.000145344558
2025-07-22T15:52:44.718462+00:00,794.312073,110.008995,2.49138355,0.00177163503,-6.58391727e-05,0.000114390074
2025-07-22T15:52:44.730462+00:00,794.664063,110.014961,2.49277115,0.00226328941,0.000619397499,0.000344916101
2025-07-22T15:52:44.742639+00:00,795.029846,110.010414,2.49220037,0.00200658967,-3.88549142e-06,9.15595665e-05
2025-07-22T15:52:44.755628+00:00,795.389709,110.004585,2.48976254,0.00107364752,-0.000106586071,4.61225573e-05
2025-07-22T15:52:44.767628+00:00,795.739868,110.004448,2.49479103,-0.000214486237,0.000584224123,0.000295917591
2025-07-22T15:52:44.780635+00:00,796.350647,110.00354,2.49283338,-0.00161135686,-0.000313645083,-4.54736073e-05
2025-07-22T15:52:44.792628+00:00,796.713806,110.005875,2.4856081,-0.00135512615,-0.00058168266,-0.000142886274
2025-07-22T15:52:44.805745+00:00,796.951965,110.007195,2.49185729,-0.000789833721,-0.000334734505,-5.2924308e-05
2025-07-22T15:52:44.818229+00:00,797.305115,110.00798,2.49045229,0.000139850032,0.000538074411,0.000271683
2025-07-22T15:52:44.830793+00:00,797.673462,110.0019,2.49765944,0.000877048762,-0.000201441624,2.85372298e-05
2025-07-22T15:52:44.842886+00:00,798.040894,109.997559,2.49535537,0.00151222723,-0.00083478773,-0.000197841742
2025-07-22T15:52:44.855853+00:00,798.391724,110.005402,2.4932096,0.00213060668,-9.67050801e-05,9.01875828e-05
2025-07-22T15:52:44.867863+00:00,798.745605,110.013901,2.4957912,0.0027367291,0.000547080941,0.000339690829
2025-07-22T15:52:44.879896+00:00,799.361389,110.009811,2.49508071,0.00243615266,-0.000596623053,-5.62760069e-05
2025-07-22T15:52:44.892908+00:00,799.710388,110.009613,2.4905026,0.00130378408,0.000198796144,0.000239301604
2025-07-22T15:52:44.904943+00:00,800.06,110.009605,2.49488401,-0.00016000621,0.000853597536,0.000470828498
2025-07-22T15:52:44.917974+00:00,800.427246,110.005684,2.48931789,-0.00151429675,8.77076236e-05,0.000191781641
2025-07-22T15:52:44.930013+00:00,800.794495,110.006485,2.49053431,-0.00181364024,-0.000612792384,-8.01858187e-05
2025-07-22T15:52:44.942969+00:00,801.152283,110.010681,2.49050856,-0.0010060576,-0.000242919967,4.72139109e-05
2025-07-22T15:52:44.955065+00:00,801.502502,110.013176,2.48811817,-7.15971837e-05,0.000645860506,0.000350647839
2025-07-22T15:52:44.980925+00:00,801.992493,110.002518,2.49328876,0.000686438056,-0.000214628453,2.23166408e-05
2025-07-22T15:52:44.992952+00:00,802.346069,110.000046,2.48802519,0.00116502482,7.08504e-05,0.000105237959
2025-07-22T15:52:45.005311+00:00,803.06073,110.00573,2.49060273,0.00239741453,0.000691426,0.000311888376
2025-07-22T15:52:45.017484+00:00,803.438,110.003006,2.48706102,0.0023911132,-0.000450412452,-0.000103403851
2025-07-22T15:52:45.030483+00:00,803.803833,109.999649,2.49404931,0.00171592867,-0.000926490757,-0.000284183276
2025-07-22T15:52:45.042475+00:00,804.147888,110.000854,2.48968148,0.000629123475,0.000244754629,0.000134503716
2025-07-22T15:52:45.055483+00:00,804.50354,109.999603,2.49107575,-0.000774890068,0.000408005115,0.000212191517
2025-07-22T15:52:45.067780+00:00,804.872559,109.996796,2.49077296,-0.00219501345,-0.000544568233,-0.000116481657
2025-07-22T15:52:45.080779+00:00,805.230652,110.002243,2.48694515,-0.00248914724,-0.000320417777,-2.53871622e-05
2025-07-22T15:52:45.092777+00:00,805.58313,110.009445,2.49170494,-0.00175241125,0.00037131118,0.000236273147
2025-07-22T15:52:45.104946+00:00,805.948242,110.0075,2.48777747,-0.000810247264,1.8733168e-05,0.000121681827
2025-07-22T15:52:45.117580+00:00,806.312317,110.002823,2.49042153,-0.000338894577,-0.000473687658,-4.35211914e-05
2025-07-22T15:52:45.130562+00:00,806.661,110.002876,2.48896646,0.000153293382,0.000426560611,0.000293420657
2025-07-22T15:52:45.142581+00:00,807.014038,110.005836,2.48963404,0.000862141198,0.00118002621,0.000572786434
2025-07-22T15:52:45.155486+00:00,807.393188,110.003746,2.49609089,0.00139793253,-5.88031544e-05,0.000128049054
2025-07-22T15:52:45.167567+00:00,807.762512,110.005325,2.49057174,0.00144640682,-0.000680231082,-9.28108129e-05
2025-07-22T15:52:45.180489+00:00,808.116638,110.007683,2.49384904,0.00101216824,-0.000343124266,9.05267e-06
2025-07-22T15:52:45.192565+00:00,808.460449,110.009628,2.4885354,9.77167874e-05,0.000757677131,0.000400857854
2025-07-22T15:52:45.205576+00:00,808.820374,110.004707,2.48779798,-0.00130335451,0.00043960227,0.000268522
2025-07-22T15:52:45.218081+00:00,809.422729,110.004265,2.49011397,-0.00291979546,0.000365763641,0.000215829612
2025-07-22T15:52:45.230088+00:00,809.780579,110.010323,2.49441528,-0.00233146967,0.000747725368,0.000329628208
2025-07-22T15:52:45.243084+00:00,810.152405,110.008804,2.49004674,-0.00129561895,-0.000114264563,-2.09048707e-08
2025-07-22T15:52:45.255084+00:00,810.520142,110.003548,2.49209595,-0.000595688645,-0.000901214895,-0.00029781842
2025-07-22T15:52:45.268081+00:00,810.869202,110.002632,2.48580813,-1.84095661e-05,-0.000116792675,-8.38472624e-06
2025-07-22T15:52:45.293082+00:00,811.342468,110.00248,2.48960543,0.00103041565,0.000693602604,0.000275458122
2025-07-22T15:52:45.305266+00:00,812.076904,110.006554,2.48595452,0.0021569645,-0.000438749266,-0.00010766535
2025-07-22T15:52:45.317823+00:00,812.425415,110.013885,2.48838043,0.0023721254,0.000446553953,0.000223001349
2025-07-22T15:52:45.330281+00:00,812.783813,110.011719,2.48718524,0.00192719803,0.000447753351,0.000237138156
2025-07-22T15:52:45.342528+00:00,813.153259,110.003487,2.48922253,0.000826706586,-0.000429240783,-6.24459062e-05
2025-07-22T15:52:45.355522+00:00,813.397278,109.998878,2.49519587,-0.000136045564,-0.000568851596,-9.60540856e-05
2025-07-22T15:52:45.367601+00:00,813.74115,110.002205,2.49484706,-0.0014574402,0.000538959517,0.000310353469
2025-07-22T15:52:45.380533+00:00,814.101501,110.00386,2.49512053,-0.00204525818,0.00043106149,0.000285105896
2025-07-22T15:52:45.392524+00:00,814.34314,110.005226,2.48759437,-0.0018558586,9.49815658e-05,0.000161968288
2025-07-22T15:52:45.404974+00:00,814.82782,110.003761,2.48903704,-0.000944006315,-0.000289778603,1.65510592e-05
2025-07-22T15:52:45.417749+00:00,815.534302,110.000664,2.48885131,0.000322134409,0.000948745641,0.000444638223
2025-07-22T15:52:45.430670+00:00,815.906067,109.995956,2.49247122,0.000871537137,9.54284842e-05,0.00013685273
2025-07-22T15:52:45.442721+00:00,816.263,110.00148,2.48923326,0.00165701902,0.00050006283,0.000257820793
2025-07-22T15:52:45.455760+00:00,816.496,110.00766,2.49184942,0.00194020488,0.00108223397,0.000467616657
2025-07-22T15:52:45.480753+00:00,817.234863,110.00235,2.49221039,0.00136449898,-0.000564342481,-0.000165560516
2025-07-22T15:52:45.492676+00:00,817.593,109.997742,2.48738241,0.000101492144,-0.000518722693,-0.00015726687
2025-07-22T15:52:45.517875+00:00,818.182556,109.999641,2.49074554,-0.00177971006,0.000484338525,0.000201017858
2025-07-22T15:52:45.530965+00:00,818.914795,110.004524,2.48871469,-0.0012674738,-0.000549507153,-0.000179724797
2025-07-22T15:52:45.542958+00:00,819.149109,110.009575,2.49123263,-0.000624566688,-3.74661249e-05,1.74942888e-05
2025-07-22T15:52:45.555027+00:00,819.626587,110.008034,2.49297547,0.000483609387,0.000232025,0.000139131385
2025-07-22T15:52:45.567914+00:00,819.878296,110.001236,2.49512792,0.000899815,-0.000536195177,-0.000134607326
2025-07-22T15:52:45.605051+00:00,821.073242,110.011314,2.49696612,0.00272474554,7.45122888e-05,0.000146696155
2025-07-22T15:52:45.617705+00:00,821.447754,110.007675,2.49849653,0.00242363731,-0.000993771828,-0.000242114533
2025-07-22T15:52:45.630703+00:00,821.800354,110.007019,2.4924345,0.00146799185,-0.000545238494,-6.24847598e-05
2025-07-22T15:52:45.642773+00:00,822.148071,110.005653,2.49859786,6.90319139e-05,0.000226603239,0.00021241013
2025-07-22T15:52:45.655695+00:00,822.380371,110.006577,2.48970962,-0.0009089862,0.000514670101,0.000318977458
2025-07-22T15:52:45.667700+00:00,822.749084,110.002571,2.49580073,-0.00198948593,-0.0002791101,2.95435566e-05
2025-07-22T15:52:45.680775+00:00,823.106262,110.007393,2.49211407,-0.00175063673,0.000238904118,0.000199454473
2025-07-22T15:52:45.692806+00:00,823.462769,110.0131,2.49838,-0.000707960164,0.000849913748,0.000394586066
2025-07-22T15:52:45.704789+00:00,823.833923,110.009544,2.49693918,0.000260772853,-8.82024267e-07,8.00079506e-05
2025-07-22T15:52:45.717548+00:00,824.555542,110.00029,2.49695659,0.00142731087,-0.000526089,-0.000147325278
2025-07-22T15:52:45.742462+00:00,825.145325,110.002403,2.49676847,0.00227948232,0.000318996317,0.000147841609
2025-07-22T15:52:45.754912+00:00,825.521851,110.000023,2.49305582,0.00256609265,-0.000766468234,-0.000250906276
2025-07-22T15:52:45.767924+00:00,825.763611,110.001907,2.49793744,0.0025732005,-0.000908753835,-0.000307161652
2025-07-22T15:52:45.779923+00:00,826.108582,110.007027,2.49084544,0.00204768754,0.000233660205,0.000112909329
2025-07-22T15:52:45.793010+00:00,826.467712,110.003662,2.49466133,0.000885536952,3.52364987e-06,3.51983654e-05
2025-07-22T15:52:45.805016+00:00,826.834351,109.995712,2.4902072,-0.000584658817,-0.00075380737,-0.00022804513
2025-07-22T15:52:45.817706+00:00,827.185608,109.998207,2.49212456,-0.00158527598,-0.000111857909,2.10218186e-05
2025-07-22T15:52:45.830698+00:00,827.538452,110.004585,2.49716258,-0.0015361557,0.000721651595,0.000343546068
2025-07-22T15:52:45.842809+00:00,827.911316,110.005081,2.49458313,-0.000782711548,-7.44792778e-05,7.56045847e-05
2025-07-22T15:52:45.855702+00:00,828.285095,110.002319,2.50137949,-7.23384073e-05,-0.00119960972,-0.00031886241
2025-07-22T15:52:45.867707+00:00,828.638367,110.001152,2.49683738,0.000447230239,-0.000731041539,-0.000128274696
2025-07-22T15:52:45.880701+00:00,828.982727,110.002144,2.49741054,0.000912383664,0.000402894948,0.000283958128
2025-07-22T15:52:45.892792+00:00,829.349243,109.998169,2.49793911,0.0012804193,-5.48073622e-05,0.000124659447
2025-07-22T15:52:45.905883+00:00,830.062805,110.007469,2.49530649,0.00170134741,0.000542996335,0.000327351736
2025-07-22T15:52:45.917489+00:00,830.417847,110.012543,2.48731828,0.00121394987,0.000905041525,0.000439955038
2025-07-22T15:52:45.930524+00:00,830.789063,110.005936,2.49030638,5.17370609e-05,-0.000232036706,1.51050626e-05
2025-07-22T15:52:45.942499+00:00,831.152,109.999588,2.49116039,-0.00135795877,-0.000541371643,-9.51712791e-05
2025-07-22T15:52:45.955567+00:00,831.503,110.000702,2.49376917,-0.00247653807,0.000318951643,0.000192332445
2025-07-22T15:52:45.967566+00:00,831.862366,110.00264,2.49973726,-0.00270381,0.000465999037,0.000228512537
2025-07-22T15:52:45.980593+00:00,832.23407,110.003426,2.49367619,-0.00211707363,-0.00038319343,-8.86482303e-05
2025-07-22T15:52:46.005919+00:00,832.821838,110.012154,2.48705769,-0.000533025654,0.000512897794,0.000222842675
2025-07-22T15:52:46.018059+00:00,833.555481,110.000488,2.49024892,0.000619714,-0.000580647087,-0.000163258403
2025-07-22T15:52:46.030124+00:00,833.909302,110.000679,2.48977423,0.00120451103,-6.56561e-05,3.05239118e-05
2025-07-22T15:52:46.043169+00:00,834.261475,110.006111,2.49368858,0.00186358253,0.000741825,0.00032933
2025-07-22T15:52:46.055161+00:00,834.632568,110.008865,2.49113584,0.0022435775,6.87744832e-05,0.00010208122
2025-07-22T15:52:46.068092+00:00,835.007874,110.006821,2.49831271,0.00210089516,-0.00113344798,-0.000314091332
2025-07-22T15:52:46.080076+00:00,835.362488,110.00544,2.49504685,0.00141139317,-0.000793486775,-0.000165681733
2025-07-22T15:52:46.093157+00:00,835.706055,110.005569,2.49776149,0.000159355885,0.000290989439,0.000222958988
2025-07-22T15:52:46.105255+00:00,836.065552,110.001472,2.49663949,-0.00147179514,6.27683548e-05,0.000154841284
2025-07-22T15:52:46.117410+00:00,836.427,109.998871,2.48997331,-0.00262591918,-0.000289115618,4.22839621e-05
2025-07-22T15:52:46.130420+00:00,836.777466,110.00528,2.49386048,-0.00253547332,0.000469244231,0.000309804484
2025-07-22T15:52:46.143408+00:00,837.135742,110.009384,2.49041796,-0.00153623393,0.000871893892,0.000454236433
2025-07-22T15:52:46.155909+00:00,837.514099,110.002205,2.49522662,-0.00072648027,-0.000515586522,-5.83727087e-05
2025-07-22T15:52:46.167910+00:00,837.879883,109.996468,2.49412012,-0.00013857345,-0.000989686581,-0.000236067412
2025-07-22T15:52:46.180910+00:00,838.226746,109.997932,2.49174428,0.000590218289,9.24464111e-05,0.000137823008
2025-07-22T15:52:46.192911+00:00,838.583801,109.998711,2.49724841,0.00124684244,0.000341497798,0.000205652192
2025-07-22T15:52:46.204915+00:00,838.956604,109.998009,2.4928894,0.00178045069,-0.0005021338,-0.000117172822
2025-07-22T15:52:46.217426+00:00,839.435242,110.005859,2.49597549,0.00199000281,-0.000207245728,-3.13046257e-05
2025-07-22T15:52:46.230431+00:00,839.788696,110.007576,2.49954462,0.0012759238,0.000344811735,0.000157729693
2025-07-22T15:52:46.255433+00:00,840.389526,109.999199,2.49257112,-0.000707089,-0.000413414498,-0.000118599623
2025-07-22T15:52:46.267427+00:00,840.736816,110.00016,2.48651361,-0.00146974437,0.00052260363,0.000211080973
2025-07-22T15:52:46.280431+00:00,841.092163,110.0037,2.49434662,-0.00143028086,0.00106132485,0.000417362869
2025-07-22T15:52:46.292431+00:00,841.471802,110.001099,2.49370217,-0.000650190341,-0.000278441963,-5.54209437e-05
2025-07-22T15:52:46.305438+00:00,841.841553,110.001678,2.49435353,0.00013232317,-0.000964701583,-0.000281901652
2025-07-22T15:52:46.317980+00:00,842.194397,110.00219,2.49843693,0.000747408543,-0.00035977384,-4.79421251e-05
2025-07-22T15:52:46.329975+00:00,842.914185,109.99514,2.49941134,0.00167178293,-0.000487581419,-6.61897357e-05
2025-07-22T15:52:46.342973+00:00,843.14917,109.997215,2.49034739,0.00203278963,-0.000277009967,2.03176842e-05
2025-07-22T15:52:46.354970+00:00,843.503296,110.004593,2.49706101,0.00244132779,0.000384584215,0.000261376525
2025-07-22T15:52:46.367973+00:00,843.743896,110.008904,2.49587655,0.00245270971,0.000732331071,0.000393071619
2025-07-22T15:52:46.380976+00:00,844.118225,110.008072,2.49993563,0.00199987,-0.00042982673,-2.44946659e-05
2025-07-22T15:52:46.392977+00:00,844.484863,110.004242,2.49382067,0.000805723364,-0.00114298,-0.000278243213
2025-07-22T15:52:46.404980+00:00,844.832825,110.004303,2.49510145,-0.000698477554,-0.000434451445,-4.31474909e-05
2025-07-22T15:52:46.417507+00:00,845.427856,110.001266,2.49713778,-0.00235176086,-0.000111516965,4.92067047e-05
2025-07-22T15:52:46.430503+00:00,845.800598,109.999115,2.49714828,-0.00203798315,-0.00101063901,-0.000278841733
2025-07-22T15:52:46.442961+00:00,846.153198,110.007652,2.49260712,-0.00102127693,-0.000202682713,-4.29806505e-06
2025-07-22T15:52:46.455976+00:00,846.508789,110.012718,2.49844146,4.05976571e-05,0.000244961848,0.000138072442
2025-07-22T15:52:46.467984+00:00,846.879822,110.00634,2.49388695,0.000682078302,-0.000585103466,-0.000174433269
2025-07-22T15:52:46.480506+00:00,847.239136,110.001808,2.49841762,0.00116619049,-0.00060312,-0.000184625358
2025-07-22T15:52:46.492522+00:00,847.461426,110.005264,2.48990726,0.00155655551,0.000629732967,0.000251818798
2025-07-22T15:52:46.505682+00:00,847.940125,110.005219,2.49208331,0.00224260124,0.000779642,0.000298387167
2025-07-22T15:52:46.530373+00:00,848.671143,110.008041,2.48771572,0.00213785726,-0.000190307444,-2.36036358e-05
2025-07-22T15:52:46.542271+00:00,849.141968,110.009995,2.4934566,0.000919694896,0.000724050391,0.000316744234
2025-07-22T15:52:46.555582+00:00,849.506897,110.002625,2.49712753,-0.000426153478,2.11549218e-06,7.84464501e-05
2025-07-22T15:52:46.567590+00:00,849.865723,110.000183,2.49118686,-0.00174829934,-0.000101979829,6.7957204e-05
2025-07-22T15:52:46.605652+00:00,850.839966,110.005127,2.50079,-0.000730751,-0.000771650637,-0.000142691642
2025-07-22T15:52:46.618411+00:00,851.206604,110.003952,2.49648261,0.000118388576,-0.0011885087,-0.000281430781
2025-07-22T15:52:46.630322+00:00,851.904724,110.003502,2.49793172,0.00107411074,0.00033880808,0.000260836503
2025-07-22T15:52:46.643326+00:00,852.272583,109.996094,2.49041247,0.00144268316,-0.000494070293,-6.10111092e-05
2025-07-22T15:52:46.655326+00:00,852.632263,109.997498,2.49340057,0.00167640112,-0.000622765685,-0.000110548674
2025-07-22T15:52:46.668322+00:00,852.983582,110.006088,2.49087667,0.00166840071,0.000369789719,0.000228412056
2025-07-22T15:52:46.680322+00:00,853.23291,110.005211,2.49997616,0.00137169519,-6.49699723e-05,5.61779962e-05
2025-07-22T15:52:46.693326+00:00,853.47522,110.005203,2.49102855,0.000874718535,-0.000424609112,-7.73679421e-05
2025-07-22T15:52:46.705433+00:00,853.83728,110.001762,2.49606133,-0.00027824752,-0.000802490336,-0.000237097
2025-07-22T15:52:46.718100+00:00,854.177,110.003242,2.4897933,-0.00162156194,0.000574013276,0.000236950727
2025-07-22T15:52:46.730166+00:00,854.535583,110.00145,2.49302673,-0.00217843638,0.000560387,0.000228115343
2025-07-22T15:52:46.755182+00:00,855.276733,110.000801,2.49259448,-0.00112288387,-0.000638876285,-0.000190878185
2025-07-22T15:52:46.768206+00:00,855.737244,110.011635,2.49213743,-0.000128339321,0.000863203197,0.000355609081
2025-07-22T15:52:46.780188+00:00,856.226868,110.004761,2.4951992,0.000579901913,5.34982719e-05,8.88562718e-05
2025-07-22T15:52:46.793171+00:00,856.583496,110.001312,2.49073482,0.00105147064,0.000198167705,0.000153243978
2025-07-22T15:52:46.805276+00:00,856.934509,110.002739,2.49584317,0.0014877175,0.000913864875,0.000424481696
2025-07-22T15:52:46.817951+00:00,857.304504,110.000618,2.49629235,0.00190707506,0.000161908552,0.000172255401
2025-07-22T15:52:46.830922+00:00,857.679138,110.001106,2.49333882,0.00206082244,-0.000908127287,-0.000196798836
2025-07-22T15:52:46.842956+00:00,858.035706,110.006882,2.49717569,0.00172151218,-0.000538986467,-6.12717849e-05
2025-07-22T15:52:46.855890+00:00,858.384094,110.010178,2.49262714,0.000772224506,0.000492861844,0.000303438
2025-07-22T15:52:46.867890+00:00,858.754333,110.002861,2.49940205,-0.000652521441,-0.000493078318,-3.5367113e-05
2025-07-22T15:52:46.880897+00:00,859.120178,109.996017,2.49837637,-0.00207577436,-0.00106684549,-0.000242082417
2025-07-22T15:52:46.893266+00:00,859.46759,109.999352,2.49540949,-0.0027824312,-0.000113930524,8.56433253e-05
2025-07-22T15:52:46.905283+00:00,859.824585,110.001762,2.49797297,-0.00249878922,0.000103004357,0.000149361338
2025-07-22T15:52:46.917805+00:00,860.194,110.003166,2.49077773,-0.00153289,-0.000581376953,-9.65569125e-05
2025-07-22T15:52:46.930807+00:00,860.89624,110.007881,2.49409842,-0.000116710646,0.000873914629,0.000382148573
2025-07-22T15:52:46.942811+00:00,861.264893,110.000244,2.49394488,0.000460781506,0.000126018043,0.000100848352
2025-07-22T15:52:46.955832+00:00,861.634827,109.993874,2.49538016,0.000932268857,-0.000813460909,-0.00024346303
2025-07-22T15:52:46.968331+00:00,861.986,110.000191,2.48756385,0.00146553467,-5.78521031e-05,1.84577184e-05
2025-07-22T15:52:46.980331+00:00,862.339,110.008698,2.49395418,0.00180341676,0.000737818,0.000286386348
2025-07-22T15:52:46.992898+00:00,862.585327,110.008957,2.49137735,0.0016297471,0.000469787105,0.000199472968
2025-07-22T15:52:47.005913+00:00,862.829,110.009811,2.49368429,0.00113945664,-2.65170947e-05,2.77124e-05
2025-07-22T15:52:47.017803+00:00,863.184753,110.007553,2.49023485,-7.80613627e-05,0.000324679597,0.00016038552
2025-07-22T15:52:47.030607+00:00,863.776245,110.002602,2.4936738,-0.00189808814,0.00089286454,0.000386018946
2025-07-22T15:52:47.042607+00:00,864.153625,109.995476,2.49725127,-0.00218028505,-0.000740630552,-0.000166690093
2025-07-22T15:52:47.055114+00:00,864.513611,109.998917,2.49329519,-0.00153689855,-0.000664659892,-0.000126525949
2025-07-22T15:52:47.068122+00:00,864.986633,110.007523,2.49835348,-0.000227661076,0.00043603027,0.00029423763
2025-07-22T15:52:47.080124+00:00,865.358,110.0037,2.50185537,0.000475557841,-0.00054654252,-5.11650433e-05
2025-07-22T15:52:47.093132+00:00,865.597595,110.001694,2.49158764,0.000945610343,-0.000782089424,-0.000136023227
2025-07-22T15:52:47.105621+00:00,865.948425,110.000603,2.49550915,0.00143532513,-0.000227592231,6.82095415e-05
2025-07-22T15:52:47.118166+00:00,866.301086,110.001205,2.49012065,0.00195275876,0.00039352,0.000282198336
2025-07-22T15:52:47.130173+00:00,866.674,109.998543,2.49187374,0.00223374041,-0.000579442247,-7.28974192e-05
2025-07-22T15:52:47.143173+00:00,867.037231,110.00309,2.49460292,0.00228992058,-0.000545845774,-6.93434267e-05
2025-07-22T15:52:47.155165+00:00,867.385254,110.011803,2.49184418,0.00170401961,0.000666853564,0.000348352391
2025-07-22T15:52:47.168172+00:00,867.750793,110.008072,2.4988358,0.000680001394,0.000110967223,0.000122436526
2025-07-22T15:52:47.180175+00:00,868.120239,110.000069,2.49378967,-0.000739903655,-0.00085095258,-0.000228938428
2025-07-22T15:52:47.193176+00:00,868.474548,109.997627,2.49456024,-0.0015652068,-0.000663400104,-0.000185093464
2025-07-22T15:52:47.205343+00:00,868.822449,109.999992,2.49660659,-0.00157268986,0.000364957697,0.000176360059
2025-07-22T15:52:47.217767+00:00,869.554504,110.005013,2.49542546,-3.91365165e-06,-0.000412863767,-9.18518708e-05
2025-07-22T15:52:47.230844+00:00,869.899109,110.012108,2.48752737,0.000690622313,0.000784578326,0.000314885343
2025-07-22T15:52:47.242852+00:00,870.255676,110.010628,2.48811936,0.00121412927,0.000983355,0.000402457692
2025-07-22T15:52:47.255768+00:00,870.631714,110.000015,2.49015,0.0015613701,-0.000369849353,-6.33133095e-05
2025-07-22T15:52:47.267778+00:00,870.993835,109.99659,2.48896194,0.00176222052,-0.000547264528,-0.000103255908
2025-07-22T15:52:47.304950+00:00,871.824707,110.006111,2.49273586,0.00207422,0.000206931931,0.000198864276
2025-07-22T15:52:47.317651+00:00,872.193481,110.006073,2.48972702,0.00133810076,-0.000493052066,-3.75847121e-05
2025-07-22T15:52:47.330559+00:00,872.546326,110.006073,2.49542522,-5.98955958e-05,4.84481789e-05,0.000161548858
2025-07-22T15:52:47.342563+00:00,872.902527,110.003258,2.49051166,-0.00157928898,0.000316894613,0.000264388538
2025-07-22T15:52:47.355651+00:00,873.272766,109.996338,2.49349189,-0.00247700745,-0.00072698819,-9.66573134e-05
2025-07-22T15:52:47.368075+00:00,873.62793,109.998482,2.49353838,-0.00244417856,-0.000323189335,4.05171886e-05
2025-07-22T15:52:47.380076+00:00,873.979065,110.005432,2.49277043,-0.00155299215,0.000674343377,0.000381191669
2025-07-22T15:52:47.393071+00:00,874.72583,110.004906,2.49228048,0.000130460146,-0.00109357585,-0.000255003426
2025-07-22T15:52:47.405079+00:00,875.076355,110.004829,2.49474788,0.000676371332,-0.00047003731,-6.3263753e-05
2025-07-22T15:52:47.417671+00:00,875.420349,110.005608,2.49268699,0.00115144858,0.000639016449,0.000302475324
2025-07-22T15:52:47.430747+00:00,875.784851,110.000679,2.49064517,0.00137933053,9.74910799e-05,0.000103969345
2025-07-22T15:52:47.442676+00:00,876.146423,110.001656,2.49205661,0.00143033115,-0.000107328022,1.91200652e-05
2025-07-22T15:52:47.455670+00:00,876.495178,110.011078,2.48585629,0.00143943855,0.00107098673,0.000431184628
2025-07-22T15:52:47.467773+00:00,876.862854,110.011681,2.4917016,0.000866129878,0.000498598383,0.000231422397
2025-07-22T15:52:47.480673+00:00,877.236572,110.004692,2.49017429,-0.000393142167,-0.000737548806,-0.000209623278
2025-07-22T15:52:47.492783+00:00,877.588501,110.004639,2.48796153,-0.00177619897,-0.000261150155,-2.98398263e-05
2025-07-22T15:52:47.505767+00:00,877.934265,110.005211,2.49363971,-0.00240995572,0.000753606728,0.000347206747
2025-07-22T15:52:47.517445+00:00,878.304,110.00119,2.49022627,-0.00232127868,8.4421139e-05,0.000126740706
2025-07-22T15:52:47.529497+00:00,878.678589,109.999573,2.49826694,-0.00151946745,-0.000854488404,-0.00018720665
2025-07-22T15:52:47.543099+00:00,879.260315,110.012375,2.49512553,-0.000240037494,0.000641494058,0.000360382895
2025-07-22T15:52:47.556051+00:00,879.627197,110.008347,2.4906137,0.00050994067,-3.84135965e-05,0.000131654335
2025-07-22T15:52:47.568175+00:00,879.987915,110.005241,2.48993158,0.0010018677,-0.000164758458,0.000105328298
2025-07-22T15:52:47.605135+00:00,880.827332,110.001129,2.49394608,0.00203101081,3.51348244e-05,0.000168043902
2025-07-22T15:52:47.617833+00:00,881.198914,110.001312,2.49059224,0.00227438356,-0.000844473194,-0.000152203022
2025-07-22T15:52:47.630917+00:00,881.548828,110.008995,2.49100733,0.00200386,-6.25273315e-05,0.000111745365
2025-07-22T15:52:47.642837+00:00,881.898376,110.013466,2.48643112,0.00131226261,0.000814710918,0.000390751287
2025-07-22T15:52:47.654831+00:00,882.267456,110.005791,2.49204493,-0.000100626363,-0.000101729456,5.80837223e-05
2025-07-22T15:52:47.667937+00:00,882.626892,109.999725,2.49269056,-0.00147564511,-0.000145355618,2.50833236e-05
2025-07-22T15:52:47.679829+00:00,882.976196,109.999947,2.49493265,-0.00195406,0.000703279627,0.000303042238
2025-07-22T15:52:47.692912+00:00,883.344543,109.997368,2.49741411,-0.00158328563,6.47360648e-05,7.18092124e-05
2025-07-22T15:52:47.705024+00:00,884.075439,110.000381,2.49646449,-0.000248254131,-0.000577160798,-0.000160518306
2025-07-22T15:52:47.717698+00:00,884.424866,110.002945,2.49574828,0.000361950806,0.000450379041,0.000192843378
2025-07-22T15:52:47.730710+00:00,884.791,109.997162,2.49388623,0.000928654743,-0.000193209984,-2.25170425e-05
2025-07-22T15:52:47.742624+00:00,885.157593,109.991043,2.4955821,0.00139060104,-0.000880921434,-0.000239621033
2025-07-22T15:52:47.755712+00:00,885.501,109.995834,2.48696709,0.00175953051,0.000343329186,0.00019041363
2025-07-22T15:52:47.767699+00:00,885.86377,109.99984,2.49366617,0.00188999774,0.000165009042,0.000146554885
2025-07-22T15:52:47.780620+00:00,886.234253,110.001007,2.49221539,0.00150508806,-0.000623003405,-0.000105257226
2025-07-22T15:52:47.792620+00:00,886.70343,110.00663,2.495368,0.000222147981,0.0004815711,0.000298554223
2025-07-22T15:52:47.818410+00:00,887.555664,109.992523,2.49878216,-0.00227316888,-0.000968498294,-0.000190737061
2025-07-22T15:52:47.830409+00:00,887.909851,109.993347,2.49271178,-0.00220445287,-0.000476353598,-1.10597584e-05
2025-07-22T15:52:47.843501+00:00,888.259949,110.000114,2.49776816,-0.00133829284,0.00050949346,0.000318365637
2025-07-22T15:52:47.855413+00:00,888.497314,110.004677,2.48838878,-0.000653423078,0.000669743051,0.000372030714
2025-07-22T15:52:47.868491+00:00,888.991699,110.005478,2.49247766,0.000442841585,-0.00025286444,3.9946106e-05
2025-07-22T15:52:47.880495+00:00,889.220764,110.008072,2.49012637,0.000844216091,0.000529756653,0.000296613842
2025-07-22T15:52:47.893456+00:00,889.699768,110.003235,2.48857331,0.00155350019,0.000538829947,0.00026523447
2025-07-22T15:52:47.905582+00:00,890.077209,109.995125,2.49427223,0.0020207474,-0.000977848424,-0.000279015687
2025-07-22T15:52:47.917801+00:00,890.434326,109.997864,2.49192095,0.00226213,-0.000629235292,-0.000162538068
2025-07-22T15:52:47.930908+00:00,890.779724,110.007637,2.4913187,0.002090052,0.000664527412,0.000277478015
2025-07-22T15:52:47.943352+00:00,891.027649,110.008507,2.49476647,0.00177896093,0.000317128171,0.000155751914
2025-07-22T15:52:47.955317+00:00,891.401306,110.005951,2.492939,0.000896084588,-0.000808299577,-0.000239226094
2025-07-22T15:52:47.967880+00:00,891.869568,110.005409,2.49542,-0.000981357298,-0.000162773824,-1.39677413e-05
2025-07-22T15:52:47.980952+00:00,892.225952,110.001236,2.4951117,-0.00214968226,0.000112115951,9.46306536e-05
2025-07-22T15:52:47.992890+00:00,892.597168,109.995346,2.49585,-0.00228759018,-0.000879859086,-0.0002358559
2025-07-22T15:52:48.017569+00:00,893.298584,110.008217,2.49319816,-0.000517681299,0.000795955828,0.000393782626
2025-07-22T15:52:48.030667+00:00,893.672363,110.007668,2.49984598,0.000220733942,-0.000220906964,4.62525823e-05
2025-07-22T15:52:48.042570+00:00,894.041443,110.003914,2.49652195,0.000851079531,-0.00089142425,-0.000177260677
2025-07-22T15:52:48.055097+00:00,894.618713,110.00486,2.49359512,0.00173668319,0.000714528491,0.000403706246
2025-07-22T15:52:48.080103+00:00,894.98053,110.000923,2.49293327,0.00198881468,0.000446305407,0.000319517683
2025-07-22T15:52:48.093104+00:00,895.345276,109.998947,2.49477935,0.00201300625,-1.62348515e-05,0.00015036785
2025-07-22T15:52:48.105318+00:00,896.064209,110.006088,2.4982326,0.00118375802,0.000594045909,0.000334939017
2025-07-22T15:52:48.118325+00:00,896.444641,109.997864,2.49475169,-1.90663832e-05,-0.00112792163,-0.000287854811
2025-07-22T15:52:48.130841+00:00,896.679749,109.996567,2.49403429,-0.00097614777,-0.00110523473,-0.000286246446
2025-07-22T15:52:48.143439+00:00,897.016846,109.998367,2.48972154,-0.00183460396,0.000429601176,0.000217065273
2025-07-22T15:52:48.155481+00:00,897.374878,109.996086,2.49011397,-0.00183400733,0.00051366206,0.000236941021
2025-07-22T15:52:48.167458+00:00,897.750549,109.991127,2.49364042,-0.00132152776,-0.000767905149,-0.000214967484
2025-07-22T15:52:48.180444+00:00,898.109497,109.996132,2.48945713,-0.000603124208,-0.000344831264,-7.33659763e-05
2025-07-22T15:52:48.193447+00:00,898.463501,110.001892,2.49536109,0.000151451168,0.000352216593,0.000158744559
2025-07-22T15:52:48.205540+00:00,898.833191,109.999,2.49220634,0.000749266415,-0.000445841346,-0.000117288975
2025-07-22T15:52:48.217973+00:00,899.192688,109.995674,2.48931122,0.00115816854,-0.00051649235,-0.000137593655
2025-07-22T15:52:48.230061+00:00,899.537598,109.996323,2.49411893,0.00128986686,0.000634121709,0.000277652522
2025-07-22T15:52:48.243019+00:00,899.902649,109.992203,2.49228525,0.00142061675,0.000354753458,0.000198879
2025-07-22T15:52:48.255006+00:00,900.39624,109.991974,2.48951697,0.00104384776,-0.000879165891,-0.00020353726
2025-07-22T15:52:48.268051+00:00,900.638367,109.994469,2.49645972,0.000614594901,-0.000811824109,-0.000167920676
2025-07-22T15:52:48.280051+00:00,900.983704,110.003769,2.4950788,-0.000414324459,0.000347129419,0.000240754744
2025-07-22T15:52:48.293053+00:00,901.347534,110.001259,2.49877405,-0.00167531462,-0.000125740204,9.54831194e-05
2025-07-22T15:52:48.305153+00:00,901.707458,109.997948,2.49283361,-0.00267168647,-0.000224564312,6.5377084e-05
2025-07-22T15:52:48.318432+00:00,902.173096,109.999657,2.49542117,-0.00291574979,0.00097391766,0.000484392
2025-07-22T15:52:48.330271+00:00,902.792053,109.997543,2.48933196,-0.00156922906,-0.000637362304,-7.31846521e-05
2025-07-22T15:52:48.343271+00:00,903.151917,110.004044,2.49156427,-0.000565515482,-0.000437494658,-1.77302863e-05
2025-07-22T15:52:48.355368+00:00,903.49707,110.01223,2.48542929,0.000137859213,0.00094445725,0.000431096647
2025-07-22T15:52:48.368351+00:00,903.866455,110.007797,2.49007106,0.000722025172,0.00013692076,0.000121376106
2025-07-22T15:52:48.380863+00:00,904.235413,110.000664,2.49027514,0.00119797816,-0.000667780114,-0.000160589654
2025-07-22T15:52:48.392776+00:00,904.585083,110.001617,2.48987532,0.00168388174,0.000177982656,0.000107965039
2025-07-22T15:52:48.405898+00:00,904.94928,110.001549,2.4957087,0.0021142608,-6.31292278e-05,2.05240249e-05
2025-07-22T15:52:48.418376+00:00,905.321289,110.000374,2.4902153,0.00219390378,-0.000849170203,-0.000250434881
2025-07-22T15:52:48.430378+00:00,905.675537,110.007507,2.49557233,0.00190725119,-0.000205719363,-3.3274584e-05
2025-07-22T15:52:48.443439+00:00,906.023,110.013657,2.49410081,0.00109394826,0.000812979182,0.000312473479
2025-07-22T15:52:48.455502+00:00,906.392822,110.007454,2.48898363,-0.00024179052,-0.000140488046,-2.66769348e-06
2025-07-22T15:52:48.468518+00:00,906.759583,109.999451,2.49458432,-0.0016999552,-0.000986204715,-0.000275688944
2025-07-22T15:52:48.480537+00:00,907.106628,109.999786,2.49114561,-0.00241882983,-2.3514971e-05,6.83725448e-05
2025-07-22T15:52:48.493544+00:00,907.70459,110.000572,2.49091744,-0.00156091363,8.60424116e-05,0.00013547139
2025-07-22T15:52:48.505626+00:00,908.065552,110.003326,2.49309874,-0.000726280501,-7.40727046e-05,9.8194294e-05
2025-07-22T15:52:48.518214+00:00,908.412292,110.009926,2.49144769,-0.000104758634,0.00105046527,0.000493264059
2025-07-22T15:52:48.530264+00:00,908.781555,110.004669,2.48904085,0.000534084218,0.000431842,0.000289315678
2025-07-22T15:52:48.543311+00:00,909.15741,109.994789,2.49501395,0.00106729439,-0.00093205506,-0.000179310955
2025-07-22T15:52:48.555302+00:00,909.511597,109.993828,2.49215436,0.00141389493,-0.000323779153,3.37800193e-05
2025-07-22T15:52:48.568282+00:00,909.742371,109.996513,2.49783278,0.00159013108,0.000434843416,0.000288371084
2025-07-22T15:52:48.605157+00:00,910.945618,110.009842,2.49360538,0.000341020525,0.000400188088,0.000231936501
2025-07-22T15:52:48.618497+00:00,911.311096,110.004532,2.49217391,-0.000832720485,1.09085249e-05,7.55162e-05
2025-07-22T15:52:48.630560+00:00,911.554382,109.999504,2.4930768,-0.00143416843,-0.000663987,-0.000162391254
2025-07-22T15:52:48.642573+00:00,912.139221,109.998703,2.4958365,-0.00131043105,0.000547394739,0.00022856424
2025-07-22T15:52:48.655503+00:00,912.50116,109.998894,2.49080586,-0.000686806918,0.000418548123,0.000179293173
2025-07-22T15:52:48.667499+00:00,912.878601,109.99791,2.49275947,4.39958167e-05,-0.000830719713,-0.000249109522
2025-07-22T15:52:48.680496+00:00,913.239929,110.000954,2.49578619,0.000848362106,-0.00069696788,-0.000203297066
2025-07-22T15:52:48.692499+00:00,913.585815,110.005226,2.49031734,0.00145885069,0.00055018143,0.000232557461
2025-07-22T15:52:48.705510+00:00,913.949707,110.000877,2.49485946,0.00180588465,3.56177843e-05,6.94418341e-05
2025-07-22T15:52:48.718029+00:00,914.309265,109.996483,2.48913717,0.00203838642,-0.000118855474,2.92731893e-05
2025-07-22T15:52:48.730120+00:00,914.655396,110.000374,2.48808217,0.00222782115,0.000912254909,0.000404488441
2025-07-22T15:52:48.743031+00:00,915.024048,110.000557,2.49332571,0.00202688784,0.000313992496,0.000226564895
2025-07-22T15:52:48.755036+00:00,915.642578,110.001266,2.4958365,0.00064825,-0.00103748497,-0.000210841739
2025-07-22T15:52:48.768305+00:00,915.985535,110.007553,2.49147654,-0.000629802409,0.00034699071,0.000266992749
2025-07-22T15:52:48.780194+00:00,916.346863,110.004211,2.4979353,-0.00197600946,3.37050642e-06,0.000153724453
2025-07-22T15:52:48.793200+00:00,916.714722,109.996788,2.49448824,-0.0026147007,-0.000759225746,-0.000112229616
2025-07-22T15:52:48.805390+00:00,917.06543,109.997101,2.49317312,-0.00235092966,2.7709284e-05,0.000151957764
2025-07-22T15:52:48.817993+00:00,917.422729,109.999847,2.49635458,-0.00141720159,0.000382356578,0.000254993327
2025-07-22T15:52:48.830884+00:00,917.795654,110.000969,2.48879862,-0.000521186506,-0.000486023753,-5.60503177e-05
2025-07-22T15:52:48.855927+00:00,918.373962,110.014206,2.48318243,0.000615683093,0.00115590217,0.000480103277
2025-07-22T15:52:48.867885+00:00,918.739075,110.010201,2.49087095,0.00125586963,0.000747582177,0.00032688168
2025-07-22T15:52:48.881081+00:00,919.11853,109.998642,2.49051857,0.00165226567,-0.000849415781,-0.000228309422
2025-07-22T15:52:48.892633+00:00,919.362793,109.994774,2.49614596,0.00179318432,-0.00109978882,-0.000324332359
2025-07-22T15:52:48.905775+00:00,920.06665,109.999054,2.4926064,0.00171919772,0.00017757593,0.000106457584
2025-07-22T15:52:48.917393+00:00,920.436707,109.99987,2.49732018,0.0011719187,-0.000607940077,-0.000157381583
2025-07-22T15:52:48.930486+00:00,920.664124,110.005173,2.48777461,0.000452911248,0.000218577901,0.000126991581
2025-07-22T15:52:48.943409+00:00,921.014,110.007545,2.49325228,-0.000911133946,0.000963375205,0.000389965891
2025-07-22T15:52:48.955473+00:00,921.384155,110.000694,2.48733544,-0.00226095715,-3.10483551e-06,8.64743852e-05
2025-07-22T15:52:48.968484+00:00,921.752563,109.993378,2.49090052,-0.00274367398,-0.000966995663,-0.000220177768
2025-07-22T15:52:48.980617+00:00,922.100586,109.99601,2.49244094,-0.00218059472,2.52527843e-05,0.000122390309
2025-07-22T15:52:48.992440+00:00,922.457153,109.999985,2.49140596,-0.00135863863,0.000528295292,0.000311614567
2025-07-22T15:52:49.005461+00:00,922.835815,109.998634,2.49805379,-0.000717017392,-0.000798891,-0.000127373321
2025-07-22T15:52:49.018078+00:00,923.545715,110.004944,2.49710822,0.000849554548,0.000174797693,0.000217227192
2025-07-22T15:52:49.030086+00:00,923.913818,109.997559,2.49843621,0.0010373682,-0.000616303179,-5.74047917e-05
2025-07-22T15:52:49.042432+00:00,924.270508,109.99369,2.4950614,0.00109502033,-0.000373986171,1.54784575e-05
2025-07-22T15:52:49.054990+00:00,924.617554,109.996277,2.50432229,0.00127319,0.000685537816,0.000367301458
2025-07-22T15:52:49.067241+00:00,924.851135,109.999092,2.4963479,0.00123071531,0.00104373577,0.000482479518
2025-07-22T15:52:49.080800+00:00,925.229065,109.998146,2.50416541,0.000659349549,-0.000491233775,-5.39879475e-05
2025-07-22T15:52:49.105983+00:00,925.822327,110.006378,2.51536179,-0.000934371667,0.000117526492,0.000110870133
2025-07-22T15:52:49.118272+00:00,926.293945,110.004578,2.5222435,-0.00194642611,0.00037921287,0.00018270743
2025-07-22T15:52:49.130273+00:00,926.659119,109.99807,2.5288763,-0.00211883057,-0.000172352651,-1.88596277e-05
2025-07-22T15:52:49.142653+00:00,927.00708,110.000168,2.54696035,-0.00173001201,0.000583636342,0.000242951442
2025-07-22T15:52:49.155884+00:00,927.494629,109.999809,2.56191444,-0.000670127047,-0.000300021929,-5.62953246e-05
2025-07-22T15:52:49.167882+00:00,927.861389,110.001846,2.57422376,-2.42829756e-05,-0.000936335127,-0.000259081717
2025-07-22T15:52:49.180889+00:00,928.207397,110.008522,2.59915853,0.000568009738,9.3229748e-05,0.000109600784
2025-07-22T15:52:49.192882+00:00,928.562195,110.007,2.61612725,0.00109961675,0.000281404908,0.000182662028
2025-07-22T15:52:49.204901+00:00,928.934265,109.998596,2.64568305,0.00156253844,-0.0010931798,-0.000270425313
2025-07-22T15:52:49.218404+00:00,929.277771,109.998459,2.6663928,0.00180208625,-0.000226866105,4.67128193e-05
2025-07-22T15:52:49.230406+00:00,929.631531,109.997528,2.69757104,0.00184674608,-0.000170520158,8.45491886e-05
2025-07-22T15:52:49.243458+00:00,929.996277,109.996819,2.72711825,0.00175871886,-0.000914167729,-0.000158406358
2025-07-22T15:52:49.255407+00:00,930.573669,110.007881,2.78204274,0.000796533364,0.000407862,0.000299410633
2025-07-22T15:52:49.267485+00:00,930.815369,110.00692,2.80739188,0.000156878887,-0.000297296967,6.79921868e-05
2025-07-22T15:52:49.280503+00:00,931.173218,110.003471,2.83823442,-0.00122571026,-0.000822262489,-0.000114269104
2025-07-22T15:52:49.305599+00:00,931.622681,110.004883,2.89087343,-0.00257760589,0.000698712072,0.000390766654
2025-07-22T15:52:49.317578+00:00,932.453308,110.001328,2.99618077,-0.00180218,0.000359186437,0.00024333311
2025-07-22T15:52:49.331028+00:00,932.806702,110.005569,3.04762864,-0.0010152522,0.000276385952,0.000202934898
2025-07-22T15:52:49.355338+00:00,933.515076,110.006096,3.14746165,0.00050737,-0.000238878449,-5.79085236e-06
2025-07-22T15:52:49.367848+00:00,933.860901,110.004776,3.20138526,0.00104148581,0.00016903026,0.000129199514
2025-07-22T15:52:49.380852+00:00,934.223694,109.995842,3.25783443,0.0013346175,-0.00104740798,-0.000281818764
2025-07-22T15:52:49.392845+00:00,934.561218,109.998375,3.31550813,0.00167010026,-5.50282202e-05,3.770693e-05
2025-07-22T15:52:49.405095+00:00,934.913086,110.000549,3.37569404,0.0017866923,-0.000279434375,-2.32064885e-05
2025-07-22T15:52:49.417593+00:00,935.266113,110.004,3.43617892,0.00153609412,-0.000589318341,-0.000126617204
2025-07-22T15:52:49.430698+00:00,935.598511,110.012978,3.49305797,0.000807934615,0.000651028648,0.000308348797
2025-07-22T15:52:49.442693+00:00,935.949707,110.003922,3.55103731,-0.000351779658,0.000180736926,0.000159331248
2025-07-22T15:52:49.455682+00:00,936.288757,110.00412,3.60421252,-0.00140701642,0.000688294589,0.00034115708
2025-07-22T15:52:49.467682+00:00,936.612183,110.00737,3.66204572,-0.0022286626,0.00247521396,0.000974187
2025-07-22T15:52:49.480700+00:00,936.968201,110.002823,3.72632527,-0.00213370798,0.00189792935,0.000807586
2025-07-22T15:52:49.492598+00:00,937.309509,110.006531,3.80683923,-0.00116509886,0.00251429062,0.00103647658
2025-07-22T15:52:49.505773+00:00,937.666809,110.008904,3.89421582,-0.000245153147,0.00189556,0.000816094922
2025-07-22T15:52:49.518371+00:00,938.032593,110.008698,3.98735714,0.000207486097,0.000387612177,0.000336120109
2025-07-22T15:52:49.530482+00:00,938.373047,110.011681,4.08633232,0.000925639644,0.000806079828,0.000494162436
2025-07-22T15:52:49.542379+00:00,938.726196,110.004684,4.17912865,0.0016031717,7.34904243e-05,0.000276289
2025-07-22T15:52:49.555471+00:00,939.075806,109.99646,4.27409267,0.001828835,-0.000550983241,7.22762852e-05
2025-07-22T15:52:49.568459+00:00,939.408752,109.994896,4.35382891,0.00163522514,0.000329433329,0.000380911893
2025-07-22T15:52:49.593460+00:00,939.757324,109.99189,4.44138956,0.00181019329,-0.000156483555,0.000223505835
2025-07-22T15:52:49.618150+00:00,940.777527,110.012268,4.70604,0.000259657827,0.000747278158,0.000499450485
2025-07-22T15:52:49.630164+00:00,941.467651,110.008286,4.93378115,-0.00171098812,0.000226599674,0.000330293173
2025-07-22T15:52:49.643167+00:00,941.799561,110.005272,5.04724789,-0.00173211587,0.000719903794,0.000481592084
2025-07-22T15:52:49.655675+00:00,942.148865,109.997475,5.16300774,-0.00138866249,-0.000208108439,0.000153358487
2025-07-22T15:52:49.668677+00:00,942.492065,109.993973,5.26847458,-0.000905805209,-0.000377090357,9.00951563e-05
2025-07-22T15:52:49.680675+00:00,942.822693,109.998436,5.38314152,-0.000202384632,0.000492111489,0.000377439952
2025-07-22T15:52:49.692682+00:00,943.063538,109.99646,5.45341635,0.000281315821,-0.000222185146,0.00012799773
2025-07-22T15:52:49.705774+00:00,943.399658,110.000046,5.56134748,0.000786529854,0.000158198032,0.000250098266
2025-07-22T15:52:49.718266+00:00,943.615051,110.004211,5.63355494,0.00111995486,0.000808940153,0.000469769351
2025-07-22T15:52:49.730361+00:00,943.957764,110.002602,5.74124956,0.00157120044,0.000522969814,0.000367011293
2025-07-22T15:52:49.743358+00:00,944.286926,110.003517,5.86638975,0.00203831797,0.00117339089,0.000594238343
2025-07-22T15:52:49.755273+00:00,944.638062,109.99765,5.9910326,0.00198441697,0.000219558307,0.000280817272
2025-07-22T15:52:49.768353+00:00,944.983398,109.993729,6.12059593,0.00154408172,-0.000294509169,0.0001067587
2025-07-22T15:52:49.780366+00:00,945.316589,109.996864,6.2538929,0.00111381919,0.000107474232,0.000250633893
2025-07-22T15:52:49.793278+00:00,945.657349,109.995605,6.37159109,0.000314873585,-8.00071066e-05,0.000190681487
2025-07-22T15:52:49.805445+00:00,946.334656,109.996643,6.61198139,-0.00191130093,-0.000287001487,0.000136662318
2025-07-22T15:52:49.817392+00:00,946.667847,109.995476,6.73442793,-0.00247680186,0.000199240632,0.000303721725
2025-07-22T15:52:49.830021+00:00,947.008789,109.994736,6.85725546,-0.00245711114,4.59016665e-05,0.000255491585
2025-07-22T15:52:49.843089+00:00,947.346069,109.998428,6.97343588,-0.00195560534,0.000228433943,0.000320024265
2025-07-22T15:52:49.855012+00:00,947.684265,110.004738,7.10527182,-0.00105956965,0.00037102279,0.000353501848
2025-07-22T15:52:49.880843+00:00,948.246033,110.015762,7.3107233,0.000118306991,0.000719896285,0.00048869336
2025-07-22T15:52:49.892867+00:00,948.481628,110.012756,7.40274096,0.000414094015,3.08442832e-05,0.000235256593
2025-07-22T15:52:49.904964+00:00,948.933228,110.005539,7.5580945,0.000800936483,-0.000300306623,0.000106365333
2025-07-22T15:52:49.916964+00:00,949.600891,109.996902,7.80105543,0.00125529582,0.000210892642,0.000256951898
2025-07-22T15:52:49.930586+00:00,949.932068,109.998978,7.92215776,0.00127483765,0.000869789335,0.000467840233
2025-07-22T15:52:49.942586+00:00,950.286926,109.998192,8.04648209,0.000978084165,-0.00032649035,4.63846227e-05
2025-07-22T15:52:49.955907+00:00,950.514893,110.002518,8.12527657,0.00058706,-0.000210272512,7.69916e-05
2025-07-22T15:52:49.967105+00:00,950.728088,110.011101,8.20726871,0.000230376318,0.000651867944,0.000348839822
2025-07-22T15:52:49.980453+00:00,951.077148,110.010483,8.33664608,-0.000472146145,-0.000262357411,3.15446923e-05
2025-07-22T15:52:49.992539+00:00,951.408875,110.009987,8.45667362,-0.00163621409,0.000148781022,0.000149695174
2025-07-22T15:52:50.005559+00:00,951.641052,110.00518,8.55003834,-0.00234872429,-0.000291893142,-6.26469819e-06
2025-07-22T15:52:50.017566+00:00,952.416443,109.99807,8.83452892,-0.00200602738,0.00045586683,0.000221059279
2025-07-22T15:52:50.042813+00:00,952.984,110.001282,9.03156662,-0.00114825554,0.000360874081,0.000160525684
2025-07-22T15:52:50.055717+00:00,953.324707,110.003593,9.16164303,-0.000352545234,0.000290166237,0.00013568034
2025-07-22T15:52:50.067716+00:00,953.549927,110.001137,9.24073219,-1.28325637e-05,0.000158550029,8.72360251e-05
2025-07-22T15:52:50.079724+00:00,954.004578,110.002632,9.4073267,0.000869454525,0.00023815014,0.000110693327
2025-07-22T15:52:50.093156+00:00,954.354736,109.996368,9.53284168,0.00123572547,-0.000941242964,-0.000272514531
2025-07-22T15:52:50.105170+00:00,954.676331,109.99897,9.6503,0.00164746225,0.0003485778,0.000171828229
2025-07-22T15:52:50.117177+00:00,955.024109,109.994347,9.78064919,0.00185489934,-0.000552803569,-0.000117838274
2025-07-22T15:52:50.130452+00:00,955.474854,109.996536,9.94349194,0.00192330184,-7.60241528e-05,5.23563613e-05
2025-07-22T15:52:50.142561+00:00,955.820496,109.998451,10.070879,0.00153390737,-0.000715923554,-0.000158766838
2025-07-22T15:52:50.154974+00:00,956.146118,110.006592,10.1863298,0.000688345113,0.000366543973,0.000215800421
2025-07-22T15:52:50.168008+00:00,956.486084,110.004944,10.3105097,-0.000245202478,-2.94333631e-06,9.96017916e-05
2025-07-22T15:52:50.180120+00:00,956.714539,110.002304,10.3926105,-0.00100612256,-0.000493270461,-5.50216246e-05
2025-07-22T15:52:50.193040+00:00,957.03772,110.004059,10.5102425,-0.00184487109,0.000735432,0.000377439865
2025-07-22T15:52:50.206043+00:00,957.71875,109.999718,10.7660608,-0.00174216437,0.000499142741,0.000304721558
2025-07-22T15:52:50.218041+00:00,958.065186,109.997406,10.8892612,-0.00112444488,-0.000157010043,9.27420333e-05
2025-07-22T15:52:50.230554+00:00,958.41,109.996651,11.0146427,-0.000622138672,-0.000691005844,-9.66188818e-05
2025-07-22T15:52:50.242561+00:00,958.622864,110.000565,11.0897627,-0.000207605786,0.000372670736,0.000259319786
2025-07-22T15:52:50.255561+00:00,958.975,109.994415,11.2199364,0.000280559179,-0.000677127,-8.39204222e-05
2025-07-22T15:52:50.267557+00:00,959.198792,109.992096,11.2995253,0.000538933498,-0.000682896527,-9.02191e-05
2025-07-22T15:52:50.280561+00:00,959.528809,109.990334,11.4160328,0.00102357438,2.31104314e-05,0.000130068729
2025-07-22T15:52:50.292564+00:00,959.873108,109.985382,11.5432615,0.00130167929,-0.000622791471,-0.000101297403
2025-07-22T15:52:50.305570+00:00,960.196289,109.990776,11.6599512,0.00147957786,0.000621589657,0.0003080694
2025-07-22T15:52:50.317574+00:00,960.55072,109.988701,11.7891541,0.00149339577,-0.000558328175,-0.000101441539
2025-07-22T15:52:50.330097+00:00,960.889221,109.994156,11.9125242,0.00118446804,-0.000369239366,-3.97886943e-05
2025-07-22T15:52:50.343101+00:00,961.560364,109.99836,12.1644545,-0.000705282844,-3.22949891e-05,3.26759218e-05
2025-07-22T15:52:50.355855+00:00,961.773865,109.999702,12.2399311,-0.00144548388,0.000770850398,0.000291598961
2025-07-22T15:52:50.367523+00:00,962.124695,109.989952,12.3633642,-0.00217927271,-0.000441333395,-0.000119608856
2025-07-22T15:52:50.393603+00:00,962.678223,109.988266,12.5663948,-0.00225034216,0.000420411117,0.000161807548
2025-07-22T15:52:50.405699+00:00,963.253479,109.989418,12.7760744,-0.00106272008,-0.000324787368,-7.88525067e-05
2025-07-22T15:52:50.417623+00:00,963.59314,109.995491,12.8930674,-0.000214361411,-0.000217792476,-4.97148685e-05
2025-07-22T15:52:50.430302+00:00,963.933655,109.999443,13.022253,0.000452877051,-0.000326284644,-7.82125499e-05
2025-07-22T15:52:50.443225+00:00,964.264038,110.001045,13.1406183,0.00105711014,0.00041217322,0.000175264708
2025-07-22T15:52:50.455228+00:00,964.617065,109.993767,13.2698526,0.00140462874,-0.000882632856,-0.000248976605
2025-07-22T15:52:50.468224+00:00,964.940063,109.995598,13.3904152,0.001733,0.000203036951,0.000129365013
2025-07-22T15:52:50.480298+00:00,965.279785,109.99337,13.5136652,0.00202603429,4.18228919e-05,8.29119599e-05
2025-07-22T15:52:50.505396+00:00,965.95874,110.000313,13.7571898,0.00165995257,-2.67339942e-07,0.000102042766
2025-07-22T15:52:50.518395+00:00,966.303772,110.001488,13.8856783,0.00105438544,-0.000578622217,-8.76872655e-05
2025-07-22T15:52:50.530082+00:00,966.626831,110.007721,14.0027113,0.000200845359,0.000663001789,0.000346842833
2025-07-22T15:52:50.543060+00:00,966.975952,110.00119,14.1281385,-0.000993123,-0.000408279448,-7.24170332e-06
2025-07-22T15:52:50.555078+00:00,967.301514,110.001007,14.249896,-0.00205805292,0.000406262407,0.000261820183
2025-07-22T15:52:50.568092+00:00,967.650696,109.994362,14.3735495,-0.00229988433,-0.000359154859,2.82541296e-05
2025-07-22T15:52:50.867884+00:00,976.336243,109.989861,17.5362129,0.000747683167,-0.000393533555,1.52621544e-06
2025-07-22T15:52:50.892883+00:00,976.892517,109.99897,17.7436314,-0.000566896866,0.000290025142,0.000244543684
2025-07-22T15:52:50.905893+00:00,977.119873,109.998428,17.8211288,-0.00136293354,2.84990929e-05,0.000167002014
2025-07-22T15:52:50.917884+00:00,977.45343,109.997955,17.9507256,-0.0023072958,0.000260457513,0.000241685368
2025-07-22T15:52:50.930417+00:00,978.031494,109.987793,18.1547222,-0.00302819465,-0.00091953954,-0.000155985515
2025-07-22T15:52:50.942410+00:00,978.359924,109.990532,18.2815857,-0.00267620734,-8.05691307e-05,0.000114889561
2025-07-22T15:52:50.955410+00:00,978.708435,109.990471,18.3997383,-0.00207660277,-0.000696769683,-9.60964462e-05
2025-07-22T15:52:50.968344+00:00,978.93042,109.993828,18.4809074,-0.00166313886,-0.000584226043,-6.36397381e-05
2025-07-22T15:52:51.005373+00:00,980.286804,109.997322,18.967638,0.000705056882,-0.000492268,-8.93310571e-05
2025-07-22T15:52:51.017372+00:00,980.513733,109.995354,19.0575676,0.000909211522,-0.000536238949,-0.000108245
2025-07-22T15:52:51.030901+00:00,980.841553,109.997208,19.1795788,0.00134583784,0.000298040512,0.000169726307
2025-07-22T15:52:51.043066+00:00,981.183594,109.995911,19.3024731,0.00162340282,4.22876838e-05,5.94344274e-05
2025-07-22T15:52:51.055076+00:00,981.520264,109.998688,19.4307842,0.00176976528,0.000204544864,0.000115483184
2025-07-22T15:52:51.080423+00:00,982.093506,110.001122,19.6330509,0.00136399886,-0.000510751,-0.000137469164
2025-07-22T15:52:51.092421+00:00,982.423828,110.003494,19.7527752,0.000437935116,-4.66406382e-05,2.24717278e-05
2025-07-22T15:52:51.105863+00:00,982.766602,109.998337,19.8729668,-0.000733279798,-0.000607965456,-0.000170285
2025-07-22T15:52:51.118219+00:00,983.095032,109.996017,19.9983387,-0.00180261757,-6.11737123e-05,2.16835397e-05
2025-07-22T15:52:51.129746+00:00,983.662598,109.989639,20.2074661,-0.00277694408,-0.000209495571,-1.57216091e-05
2025-07-22T15:52:51.155252+00:00,984.236267,109.988014,20.4094467,-0.00198108796,-0.000939466292,-0.000236045293
2025-07-22T15:52:51.168102+00:00,984.5625,109.995239,20.5368061,-0.0013865222,-6.30840805e-05,7.39985699e-05
2025-07-22T15:52:51.192537+00:00,984.901367,109.996498,20.6550961,-0.000752671,7.24356578e-05,0.000125357008
2025-07-22T15:52:51.205611+00:00,985.579407,109.991089,20.9080048,0.000315627723,-7.21406905e-05,0.000110017027
2025-07-22T15:52:51.217532+00:00,985.923157,109.986008,21.028326,0.000684827624,-0.000633744232,-7.33025663e-05
2025-07-22T15:52:51.230829+00:00,986.594849,109.988678,21.2680264,0.00148262887,-0.000313915341,4.53029206e-05
2025-07-22T15:52:51.255825+00:00,987.167297,109.995163,21.4783192,0.00142495544,-0.000586974435,-3.76361786e-05
2025-07-22T15:52:51.267828+00:00,987.504211,109.998932,21.6018085,0.000793810119,-0.000401781581,2.08585207e-05
2025-07-22T15:52:51.279830+00:00,987.725647,110.000069,21.6891251,0.000401348021,-5.92845172e-05,0.000129023349
2025-07-22T15:52:51.292894+00:00,988.181091,109.993149,21.8448658,-0.000893206685,-0.000737486931,-0.00012332121
2025-07-22T15:52:51.317932+00:00,988.959412,109.987785,22.1309128,-0.00176325149,-8.48735144e-05,7.88095203e-05
2025-07-22T15:52:51.330512+00:00,989.293274,109.990753,22.2583065,-0.00127892441,0.000271660509,0.000170193394
2025-07-22T15:52:51.342954+00:00,989.642212,109.991821,22.3739223,-0.000752802705,-0.000447278,-6.465146e-05
2025-07-22T15:52:51.367968+00:00,989.97522,109.996613,22.5017834,-4.26321276e-05,2.49099758e-05,6.94477785e-05
2025-07-22T15:52:51.379978+00:00,990.550964,109.992523,22.7086449,0.000793662,-0.000575096346,-0.000149458836
2025-07-22T15:52:51.393059+00:00,990.882935,109.991722,22.8362789,0.00121838204,-0.000233830389,-4.4633427e-05
2025-07-22T15:52:51.418077+00:00,991.554504,109.989204,23.0818901,0.00179525721,8.7605913e-05,6.46782719e-05
2025-07-22T15:52:51.430835+00:00,992.126343,109.990601,23.2781792,0.00180318905,-0.000638120575,-0.000186745267
2025-07-22T15:52:51.442753+00:00,992.454712,109.998543,23.4045258,0.00151729339,0.000246266951,0.00011063696
2025-07-22T15:52:51.454750+00:00,992.910828,109.999023,23.5694103,0.000241489557,-0.000111313675,1.13122815e-05
2025-07-22T15:52:51.467621+00:00,993.240845,109.999176,23.6988621,-0.000845842354,9.66782245e-05,8.61392473e-05
2025-07-22T15:52:51.492848+00:00,993.794067,109.992973,23.9003277,-0.00272095203,-0.000482614822,-8.01134811e-05
2025-07-22T15:52:51.505847+00:00,994.113708,109.993866,24.023531,-0.00273611746,-0.000109669883,5.28439195e-05
2025-07-22T15:52:51.530529+00:00,994.845154,109.999481,24.3018551,-0.00141976133,-4.46137e-06,0.000108870467
2025-07-22T15:52:51.555622+00:00,995.347534,110.005409,24.4979,-0.000447565806,3.22953056e-05,0.000133197449
2025-07-22T15:52:51.580608+00:00,995.920654,110.002235,24.725729,0.000443409808,-0.00115102914,-0.0002435637
2025-07-22T15:52:51.592651+00:00,996.169189,110.005074,24.8390369,0.00086638052,-0.000296073442,3.45109802e-05
2025-07-22T15:52:51.618231+00:00,996.659546,110.000725,25.0521717,0.00131203,-0.000631754054,-7.28686427e-05
2025-07-22T15:52:51.642836+00:00,996.795776,110.004677,25.1171627,0.00133123703,0.000328626542,0.000232619786
2025-07-22T15:52:51.655849+00:00,997.36969,109.994843,25.3965034,0.0012022428,-0.00175032741,-0.000478289934
2025-07-22T15:52:51.680754+00:00,997.757,110.009476,25.6067448,0.000811919337,-0.000374036405,-5.18839624e-05
2025-07-22T15:52:51.692758+00:00,997.92041,110.005165,25.7101784,0.000279746251,-0.001553557,-0.000446200575
2025-07-22T15:52:51.705755+00:00,998.05658,110.014351,25.8024292,8.023181e-05,-0.00109732035,-0.000295876351
2025-07-22T15:52:51.730552+00:00,998.173462,110.023155,25.8872662,-0.000133963083,-0.000392774149,-7.94056323e-05
2025-07-22T15:52:51.742559+00:00,998.455872,110.02816,26.0980968,-0.00105386903,-0.000872429344,-0.000262448244
2025-07-22T15:52:51.755554+00:00,998.52655,110.031601,26.1706276,-0.00127046788,-0.000175799229,-4.19172829e-05
2025-07-22T15:52:51.768111+00:00,998.587097,110.033585,26.2459831,-0.00157704472,0.000532684557,0.000177402
2025-07-22T15:52:51.793121+00:00,998.66156,110.036644,26.3576775,-0.00191787386,0.00128077273,0.000416438037
2025-07-22T15:52:51.805129+00:00,998.692566,110.036087,26.396698,-0.00192444213,0.000806146942,0.000254291896
2025-07-22T15:52:51.818140+00:00,998.721619,110.038124,26.449913,-0.00187858019,0.000676654337,0.000205819728
2025-07-22T15:52:51.830759+00:00,998.733521,110.043533,26.5045719,-0.00187700812,0.000934844778,0.000283788715
2025-07-22T15:52:51.842672+00:00,998.734192,110.049393,26.5602036,-0.00182339246,0.00106688333,0.000319905928
2025-07-22T15:52:51.855720+00:00,998.720154,110.057426,26.6640778,-0.00179576164,0.000777785084,0.000228506266
2025-07-22T15:52:51.867752+00:00,998.690613,110.06665,26.7226906,-0.00177125959,0.00076326757,0.000220002403
2025-07-22T15:52:51.880702+00:00,998.650085,110.079102,26.7783051,-0.00175361685,0.00077029661,0.00020385813
2025-07-22T15:52:51.892719+00:00,998.595093,110.095673,26.8269043,-0.00172276469,0.0010081951,0.000290748314
2025-07-22T15:52:51.917493+00:00,998.444214,110.139793,26.9182148,-0.00162999425,0.00187370891,0.000557390333
2025-07-22T15:52:51.930008+00:00,998.272095,110.185608,26.9948368,-0.00159257022,0.00299548963,0.000915967685
2025-07-22T15:52:51.942999+00:00,998.193054,110.203575,27.0199451,-0.00164892955,0.00362471864,0.00110569433
2025-07-22T15:52:51.968079+00:00,997.932,110.25515,27.0815525,-0.000282878347,0.00470677717,0.00144676468
2025-07-22T15:52:51.981003+00:00,997.794,110.271584,27.1262779,0.000497594068,0.00429402851,0.00129753782
2025-07-22T15:52:51.993099+00:00,997.631836,110.29528,27.153677,0.00126451685,0.00477253506,0.0014389673
2025-07-22T15:52:52.006003+00:00,997.46051,110.321388,27.1846199,0.00207182951,0.00510008633,0.00153063703
2025-07-22T15:52:52.030464+00:00,997.282532,110.345787,27.2270947,0.00280170119,0.0048526735,0.00142436894
2025-07-22T15:52:52.042898+00:00,996.888733,110.39563,27.287674,0.00420715846,0.00440404424,0.00123841385
2025-07-22T15:52:52.055867+00:00,996.681519,110.409485,27.3169479,0.004877578,0.00334996753,0.000870115065
2025-07-22T15:52:52.068107+00:00,996.451599,110.418083,27.3362751,0.00524101872,0.0027028122,0.000629161485
2025-07-22T15:52:52.093115+00:00,995.745,110.421906,27.4011269,0.00401541637,0.00302504818,0.000686343876
2025-07-22T15:52:52.105587+00:00,995.461182,110.41581,27.4087181,0.00333977,0.00281543215,0.000595368678
2025-07-22T15:52:52.118068+00:00,995.17981,110.407013,27.4344292,0.00275091617,0.00146211835,0.000129502936
2025-07-22T15:52:52.130511+00:00,994.859741,110.412056,27.4383221,0.00206857198,0.00238587661,0.000432548928
2025-07-22T15:52:52.155733+00:00,994.319336,110.425217,27.4496,0.00119100977,0.00257389271,0.000493586704
